poi_id,name,사유,address,다시_넣으려면
2,정방폭포,중복 → 260. 소정방폭포에 합침,제주특별자치도 서귀포시 송산동,poi_overrides.csv에 이름 + exclude=N
8,충혼묘지,관광지 아님 추정('묘지'),제주특별자치도 제주시 노형동 산 17-3도,poi_overrides.csv에 이름 + exclude=N
51,애월초교더럭분교장,관광지 아님 추정('초교'),제주특별자치도 제주시 애월읍 하가로 195,poi_overrides.csv에 이름 + exclude=N
54,서귀포항임항창고,중복 → 84. 서귀포항에 합침,제주특별자치도 서귀포시 칠십리로72번길 14,poi_overrides.csv에 이름 + exclude=N
55,더마파크,주소가 제주 아님(전라남도 여수시 돌산읍 향일암로 1),전라남도 여수시 돌산읍 향일암로 1,poi_overrides.csv에 이름 + exclude=N
142,가시리조랑말체험공원,중복 → 536. 조랑말체험공원(따라비승마장)에 합침,제주특별자치도 서귀포시 표선면 녹산로 381-15,poi_overrides.csv에 이름 + exclude=N
161,제주금호리조트,관광지 아님 추정('리조트'),제주특별자치도 서귀포시 남원읍 태위로 522-12,poi_overrides.csv에 이름 + exclude=N
162,아모렉스리조트본관A동,관광지 아님 추정('리조트'),제주특별자치도 제주시 서해안로 216,poi_overrides.csv에 이름 + exclude=N
167,시닛물리조트빌,관광지 아님 추정('리조트'),제주특별자치도 제주시 애월읍 애월해안로 177,poi_overrides.csv에 이름 + exclude=N
171,점보빌리지,관광지 아님 추정('빌리지'),제주특별자치도 서귀포시 안덕면 서광리 2351 원,poi_overrides.csv에 이름 + exclude=N
189,법화사중화루,중복 → 535. 법화사에 합침,제주특별자치도 서귀포시 하원북로35번길 15-38,poi_overrides.csv에 이름 + exclude=N
196,제주드림타워복합리조트,관광지 아님 추정('리조트'),제주특별자치도 제주시 노연로 12,poi_overrides.csv에 이름 + exclude=N
209,천마에코피아101동,관광지 아님 추정('101동'),제주특별자치도 서귀포시 대포중앙로 21,poi_overrides.csv에 이름 + exclude=N
212,1942게스트하우스,관광지 아님 추정('게스트하우스'),제주특별자치도 제주시 한림읍 한림상로 15-5,poi_overrides.csv에 이름 + exclude=N
214,라온골프클럽&빌리지,관광지 아님 추정('빌리지'),제주특별자치도 제주시 한경면 용금로 998,poi_overrides.csv에 이름 + exclude=N
216,라마다호텔제주,관광지 아님 추정('호텔'),제주특별자치도 제주시 중앙로 304,poi_overrides.csv에 이름 + exclude=N
219,도시해녀펜션,관광지 아님 추정('펜션'),제주특별자치도 제주시 애월읍 하귀미수포길 16-1,poi_overrides.csv에 이름 + exclude=N
228,소낭게스트하우스,관광지 아님 추정('게스트하우스'),제주특별자치도 제주시 구좌읍 월정1길 1,poi_overrides.csv에 이름 + exclude=N
248,제주발리리조트,관광지 아님 추정('리조트'),제주특별자치도 제주시 한림읍 일주서로 5083-5,poi_overrides.csv에 이름 + exclude=N
249,여울목펜션,관광지 아님 추정('펜션'),제주특별자치도 서귀포시 성산읍 삼달로 28-1,poi_overrides.csv에 이름 + exclude=N
268,블루마운틴101동,관광지 아님 추정('101동'),제주특별자치도 제주시 연신로 190,poi_overrides.csv에 이름 + exclude=N
293,용담이타스아파트,관광지 아님 추정('아파트'),제주특별자치도 제주시 용담삼동 541-4 대,poi_overrides.csv에 이름 + exclude=N
318,24호어린이공원,관광지 아님 추정('어린이공원'),제주특별자치도 제주시 선사로2길 13,poi_overrides.csv에 이름 + exclude=N
368,아라리오뮤지엄,중복 → 124. 아라리오뮤지엄탑동시네마에 합침,제주특별자치도 제주시 산지로 23,poi_overrides.csv에 이름 + exclude=N
391,선진수산,관광지 아님 추정('수산' 가게),제주특별자치도 제주시 조천읍 북촌15길 15,poi_overrides.csv에 이름 + exclude=N
394,고향농수산,관광지 아님 추정('수산' 가게),제주특별자치도 제주시 구좌읍 해맞이해안로 2080,poi_overrides.csv에 이름 + exclude=N
399,제주조천스위스마을116동,관광지 아님 추정('116동'),제주특별자치도 제주시 조천읍 함와로 566-27,poi_overrides.csv에 이름 + exclude=N
435,우정회센타,관광지 아님 추정('센타'),제주특별자치도 서귀포시 중앙로54번길 32,poi_overrides.csv에 이름 + exclude=N
436,쇠소깍,중복 → 403. 쇠소깍농수산물직판장에 합침,제주특별자치도 서귀포시 쇠소깍로 104,poi_overrides.csv에 이름 + exclude=N
453,아르떼뮤지엄 제주,중복 → 42. 아르떼뮤지엄에 합침,제주특별자치도 제주시 애월읍 어림비로 478,poi_overrides.csv에 이름 + exclude=N
464,도들봉,중복 → 58. 도들봉공원에 합침,제주특별자치도 제주시 도두일동 산 2임,poi_overrides.csv에 이름 + exclude=N
479,에버리스골프엔리조트,관광지 아님 추정('리조트'),제주특별자치도 제주시 애월읍 평화로 1693-75,poi_overrides.csv에 이름 + exclude=N
510,성산일출봉,중복 → 5. 성산일출봉에 합침,제주특별자치도 서귀포시 성산읍 성산리 78,poi_overrides.csv에 이름 + exclude=N
519,법화사대웅전,중복 → 535. 법화사에 합침,제주특별자치도 서귀포시 하원북로35번길 15-28,poi_overrides.csv에 이름 + exclude=N
545,제주애향묘지,관광지 아님 추정('묘지'),제주특별자치도 제주시 연동 2489-28묘,poi_overrides.csv에 이름 + exclude=N
548,뽀로로앤타요테마파크 제주,중복 → 157. 뽀로로앤타요테마파크에 합침,제주특별자치도 서귀포시 안덕면 병악로 269,poi_overrides.csv에 이름 + exclude=N
553,브릭캠퍼스제주,중복 → 231. 브릭캠퍼스에 합침,제주특별자치도 제주시 1100로 3047,poi_overrides.csv에 이름 + exclude=N
557,제주조천스위스마을214동,관광지 아님 추정('214동'),제주특별자치도 제주시 조천읍 함와로 566-29,poi_overrides.csv에 이름 + exclude=N
559,단산,주소가 제주 아님(경기도 수원시 팔달구 정조로 825),경기도 수원시 팔달구 정조로 825,poi_overrides.csv에 이름 + exclude=N
569,포토이즘박스 함덕해수욕장점,중복 → 370. 함덕해수욕장에 합침,제주특별자치도 제주시 조천읍 신북로 525,poi_overrides.csv에 이름 + exclude=N
604,붉은오름,중복 → 17. 붉은오름자연휴양림에 합침,제주특별자치도 서귀포시 표선면 가시리 산 158임,poi_overrides.csv에 이름 + exclude=N
606,제주맥주주식회사,중복 → 452. 제주맥주에 합침,제주특별자치도 제주시 한림읍 금능농공길 62-11,poi_overrides.csv에 이름 + exclude=N
610,아덴힐리조트&골프클럽,관광지 아님 추정('리조트'),제주특별자치도 제주시 한림읍 화전길 82,poi_overrides.csv에 이름 + exclude=N
622,대해수산,관광지 아님 추정('수산' 가게),제주특별자치도 제주시 구좌읍 해맞이해안로 2384-1,poi_overrides.csv에 이름 + exclude=N
631,법정사,중복 → 292. 무오법정사항일운동발상지(제주도기념물제61-1호)에 합침,제주특별자치도 서귀포시 1100로 740-168,poi_overrides.csv에 이름 + exclude=N
632,국립제주박물관,중복 → 205. 국립제주박물관어린이올레에 합침,제주특별자치도 제주시 일주동로 17,poi_overrides.csv에 이름 + exclude=N
660,밸리스빌딩,관광지 아님 추정('빌딩'),제주특별자치도 제주시 신광로 52,poi_overrides.csv에 이름 + exclude=N
668,삼광빌딩,관광지 아님 추정('빌딩'),제주특별자치도 제주시 삼무로3길 46-1,poi_overrides.csv에 이름 + exclude=N
671,비양수산,관광지 아님 추정('수산' 가게),제주특별자치도 제주시 한림읍 한림해안로 141-4,poi_overrides.csv에 이름 + exclude=N
680,제주열방대학,관광지 아님 추정('대학'),제주특별자치도 제주시 조천읍 북촌리 87임,poi_overrides.csv에 이름 + exclude=N
694,제19호어린이공원,관광지 아님 추정('어린이공원'),제주특별자치도 제주시 일도이동 414공,poi_overrides.csv에 이름 + exclude=N
700,이호테우등대,주소가 제주 아님(강원도 원주시 지정면 오크밸리2길 2),강원도 원주시 지정면 오크밸리2길 260,poi_overrides.csv에 이름 + exclude=N
704,10호어린이공원,관광지 아님 추정('어린이공원'),제주특별자치도 제주시 노형동 910-7공,poi_overrides.csv에 이름 + exclude=N
706,NH중문농협중부지점,관광지 아님 추정('농협'),제주특별자치도 서귀포시 천제연로 242,poi_overrides.csv에 이름 + exclude=N
709,안덕면충혼묘지,관광지 아님 추정('묘지'),제주특별자치도 서귀포시 안덕면 동광리 381묘,poi_overrides.csv에 이름 + exclude=N
745,봄길의원,관광지 아님 추정('의원'),제주특별자치도 제주시 도령로 64,poi_overrides.csv에 이름 + exclude=N
747,제주이화오피스텔,관광지 아님 추정('오피스텔'),제주특별자치도 제주시 도령로 50,poi_overrides.csv에 이름 + exclude=N
