poi_id,name,AI후보(모델이름),권역,분류,분류_한글,분류변경,읍면동,latitude,longitude,address,사진,한줄설명,세부설명,출처,확인사항,카카오맵
1,신비원,,NORTH,EXPERIENCE,체험 활동 관광지,,제주시 연동,33.4494816,126.4872233,제주특별자치도 제주시 노형동 291-25 전,,제주 돌에 식물을 심어 가꾼 석부작 작품을 전시한 테마공원이다.,"제주 돌에 식물을 심어 가꾼 석부작 작품을 전시한 테마공원이다.
크고 작은 작품을 실내와 야외에서 둘러보며 제주의 돌과 식물이 어우러진 모습을 볼 수 있다.",BASE,사진 없음,https://map.kakao.com/?q=신비원
11,코코몽에코파크,,SOUTH,THEME,테마시설,,서귀포시 남원읍,33.2749095,126.7050669,제주특별자치도 서귀포시 남원읍 태위로 536,,코코몽에코파크는 아이와 함께 방문하기 좋은 캐릭터 테마공원이다.,"코코몽에코파크는 아이와 함께 방문하기 좋은 캐릭터 테마공원이다.
코코몽 조형물 앞에서 사진을 찍고 놀이시설과 열차를 즐길 수 있다.
방문 경험에는 비눗방울 놀이와 가족사진이 즐거운 추억으로 소개된다.",BASE,사진 없음,https://map.kakao.com/?q=코코몽에코파크
13,대정교회,,WEST,HISTORY,역사·유적·종교 시설,,서귀포시 대정읍,33.2510928,126.2797822,제주특별자치도 서귀포시 대정읍 추사로36번길 11,,대정교회는 제주 기독교 순례길 4코스인 ‘화해의 길’에 자리한다.,"대정교회는 제주 기독교 순례길 4코스인 ‘화해의 길’에 자리한다.
제주 출신 첫 목사인 이도종 목사의 유해와 순교 기념비가 봉안되어 있다.
제주의 종교사와 4·3의 흔적을 돌아볼 수 있는 순례 장소다.",BASE,사진 없음; 관광지인지 확인(도서관·교회·골프 등),https://map.kakao.com/?q=대정교회
14,ICC제주국제컨벤션센터,ICC제주국제컨벤션센터,SOUTH,CULTURE,문화시설,,서귀포시 중문동,33.2412815,126.4244569,제주특별자치도 서귀포시 중문관광로 224,https://api.cdn.visitjeju.net/photomng/imgpath/201908/08/0d898924-dd55-4563-936a-f5c4a87cd2f1.webp,"제주의 대표적인 MICE 인프라인 제주국제컨벤션센터, 각종 회의 및 전시 행사가 진행된다","중문관광단지에 있는 제주국제컨벤션센터는 회의와 전시가 열리는 공간이다.
건물 안에는 행사장과 회의실, 제주관광공사 중문면세점이 있다.
방문할 행사가 있다면 중문 관광 일정과 함께 둘러볼 수 있다.",AI+BASE+VJ+TOUR,관광지인지 확인(도서관·교회·골프 등),https://map.kakao.com/?q=ICC제주국제컨벤션센터
16,표선해비치해변야영장,,EAST,NATURE,자연관광지,,서귀포시 표선면,33.3254563,126.842428,제주특별자치도 서귀포시 표선면 민속해안로 594,https://tong.visitkorea.or.kr/cms/resource/07/3031507_image2_1.jpg,표선해수욕장 야영장은 물놀이와 레저 명소인 표선해수욕장 입구 왼쪽에 위치하여 접근성도 좋다.,"표선해비치해변의 넓은 백사장 가까이에 기록된 야영 지점이다.
주변에서는 물때에 따라 달라지는 해변 풍경과 제주올레 4코스의 해안길을 만날 수 있다.
현재 야영 가능 여부와 이용 조건은 확인되지 않아 방문 전 확인이 필요하다.",BASE+TOUR,TourAPI 이름 다름(표선해수욕장 야영장),https://map.kakao.com/?q=표선해비치해변야영장
18,중앙목장,,EAST,EXPERIENCE,체험 활동 관광지,LEISURE→EXPERIENCE,제주시 조천읍,33.4346739,126.7189598,제주특별자치도 제주시 조천읍 비자림로 1065,,중앙목장은 제주시 조천읍 비자림로에 기록된 목장이다.,중앙목장은 제주시 조천읍 비자림로에 기록된 목장이다.,BASE,사진 없음,https://map.kakao.com/?q=중앙목장
21,제주랜드ATV승마,,EAST,EXPERIENCE,체험 활동 관광지,LEISURE→EXPERIENCE,서귀포시 성산읍,33.4135184,126.8325232,제주특별자치도 서귀포시 성산읍 난산리 2826목,,서귀포시 성산읍에서 승마와 ATV 체험 장소로 소개된 곳이다.,"서귀포시 성산읍에서 승마와 ATV 체험 장소로 소개된 곳이다.
제주관광공사의 과거 소개에는 말을 타고 오름에 올라 주변 풍경을 바라보는 코스가 나온다.
체험 코스와 운영 여부는 달라졌을 수 있으므로 예약 전에 확인하는 것이 좋다.",BASE,사진 없음,https://map.kakao.com/?q=제주랜드ATV승마
26,조랑말타운승마장,,EAST,EXPERIENCE,체험 활동 관광지,COMMERCIAL→EXPERIENCE,서귀포시 표선면,33.4079372,126.7721465,제주특별자치도 서귀포시 표선면 번영로 2486,,서귀포시 표선면에서 말을 가까이 만나고 승마를 체험할 수 있는 곳이다.,"서귀포시 표선면에서 말을 가까이 만나고 승마를 체험할 수 있는 곳이다.
방문 후기에는 말 먹이주기와 야외 놀이를 함께 즐긴 경험이 소개된다.
아이와 함께 말과 교감하며 시간을 보낸 이야기도 찾아볼 수 있다.",BASE,사진 없음,https://map.kakao.com/?q=조랑말타운승마장
29,1965올레시장54번가,,SOUTH,TRAIL,산책로·둘레길,COMMERCIAL→TRAIL,서귀포시 중앙동,33.2496683,126.5629641,제주특별자치도 서귀포시 중정로61번길 20,,서귀포매일올레시장 안에 청년 점포가 들어선 공간이다.,서귀포매일올레시장 안에 청년 점포가 들어선 공간이다. 시장 골목을 걸으며 먹거리와 상점들을 함께 둘러볼 수 있다. 같은 주소의 올레야시장 후기에는 여러 음식을 골라 먹은 경험이 소개된다.,BASE,사진 없음,https://map.kakao.com/?q=1965올레시장54번가
34,제주문예회관,제주문화예술진흥원 제주문예회관,NORTH,CULTURE,문화시설,,제주시 일도2동,33.504347,126.5348893,제주특별자치도 제주시 동광로 69,https://api.cdn.visitjeju.net/photomng/imgpath/201804/30/1486a3fc-5ad0-4922-be67-db8d81319ccf.webp,"제주특별자치도 문화예술진흥원에서 운영하는 문화예술 공연, 전시관","제주시 동광로에 자리한 공연·전시 공간이다.
대극장과 소극장에서 공연을 열고 전시실에서는 미술 작품 등을 소개한다.
방문 날짜의 공연과 전시 일정을 확인해 제주 지역 문화를 만날 수 있다.",AI+BASE+VJ,AI 후보 '제주문화예술진흥원 제주문예회관'와 연결(이름 다름) → 확인,https://map.kakao.com/?q=제주문예회관
38,남송악,,WEST,TRAIL,산책로·둘레길,,서귀포시 안덕면,33.3122139,126.3068194,제주특별자치도 서귀포시 안덕면 서광리 산 31임,,서귀포시 안덕면에 있는 산책로·둘레길입니다.,서귀포시 안덕면에 있는 산책로·둘레길입니다.,BASE,설명 기본 문구; 세부설명 없음 → 한 줄 소개로 대체; 사진 없음,https://map.kakao.com/?q=남송악
42,아르떼뮤지엄,아르떼뮤지엄 제주,WEST,CULTURE,문화시설,,제주시 애월읍,33.396697,126.3449783,제주특별자치도 제주시 애월읍 어림비로 478,https://api.cdn.visitjeju.net/photomng/imgpath/202608/24/7c3d6556-a3a8-4611-9b3c-2b67ed8b7526.jpg,국내 최대의 몰입형 미디어아트 뮤지엄,국내 최대의 몰입형 미디어아트 뮤지엄,AI+BASE+VJ+TOUR,AI 후보 '아르떼뮤지엄 제주'와 연결(이름 다름) → 확인,https://map.kakao.com/?q=아르떼뮤지엄
45,곽지해변,,WEST,NATURE,자연관광지,,제주시 애월읍,33.4509085,126.3051464,제주특별자치도 제주시 애월읍 곽지리 1565임,https://api.cdn.visitjeju.net/photomng/imgpath/202110/25/4e19a935-3794-4891-94a2-7e89759e14b3.webp,시원한 용천수를 뿜어내는 노천탕이 있는 곳,시원한 용천수를 뿜어내는 노천탕이 있는 곳,BASE+VJ+TOUR,비짓제주 이름 다름(곽지해수욕장); TourAPI 이름 다름(곽지해수욕장),https://map.kakao.com/?q=곽지해변
47,우림랜드,,SOUTH,THEME,테마시설,NATURE→THEME,서귀포시 중문동,33.2443196,126.4225785,제주특별자치도 서귀포시 중문관광로 227-20,,서귀포시 중문동에 있는 테마시설입니다.,서귀포시 중문동에 있는 테마시설입니다.,BASE,설명 기본 문구; 세부설명 없음 → 한 줄 소개로 대체; 사진 없음,https://map.kakao.com/?q=우림랜드
50,크리스마스박물관,바이나흐튼 크리스마스박물관,WEST,HISTORY,역사·유적·종교 시설,,서귀포시 안덕면,33.2913123,126.3278107,제주특별자치도 서귀포시 안덕면 평화로 654,https://tong.visitkorea.or.kr/cms/resource/82/3548182_image2_1.jpg,서귀포시 안덕면에 위치한 바이나흐튼 크리스마스 박물관은 주인 부부가 여행하며 모은 크리스마스 장식과 관련 물품이 전시되어 있다.,"서귀포시 안덕면에 위치한 바이나흐튼 크리스마스 박물관은 주인 부부가 여행하며 모은 크리스마스 장식과 관련 물품이 전시되어 있다. 독일어로 크리스마스를 뜻하는 ‘바이나흐튼’과 독일의 건축물을 참고해 만들어 유럽의 크리스마스 느낌이 물씬 나는 공간이다. 개인 박물관치곤 전시물의 종류도 다양하고 소장 가치가 뛰어난 것도 많은 편이다. 일 년 내내 크리스마스 분위기를 느낄 수 있는 곳이지만 이곳의 12월은 조금 더 특별하다. 크리스마스를 맞기 전, 한 달간 크리스마스 마켓 때문이다. 매년 수많은 셀러들이 참여, 크리스마스와 관련된 다양한 라이프스타일 제품들을 판매하며, 유명 셰프들이 만드는 다채로운 요리와 관람객 누구나 참여할 수 있는 다양한 체험 프로그램들이 마련된다.",AI+BASE+TOUR,AI 후보 '바이나흐튼 크리스마스박물관'와 연결(이름 다름) → 확인,https://map.kakao.com/?q=크리스마스박물관
52,동문시장,제주동문시장,NORTH,COMMERCIAL,상업지구,,제주시 일도일동,33.5127895,126.5283174,제주특별자치도 제주시 동문로 16,https://api.cdn.visitjeju.net/photomng/imgpath/202110/27/6c75266f-f1d0-413b-9ebb-a2cc6e916389.webp,"각종 갈옷, 한복, 옷감 등 포목점을 주로 이루는 상가건물형 상설시장","각종 갈옷, 한복, 옷감 등 포목점을 주로 이루는 상가건물형 상설시장",AI+BASE+VJ+TOUR,AI 후보 '제주동문시장'와 연결(이름 다름) → 확인,https://map.kakao.com/?q=동문시장
58,도들봉공원,,NORTH,NATURE,자연관광지,,제주시 도두동,33.5081204,126.4684454,제주특별자치도 제주시 도두일동 산 1임,,제주시 도두동에 있는 자연관광지입니다.,제주시 도두동에 있는 자연관광지입니다.,BASE,설명 기본 문구; 세부설명 없음 → 한 줄 소개로 대체; 사진 없음,https://map.kakao.com/?q=도들봉공원
59,상효원식물원,,SOUTH,NATURE,자연관광지,,서귀포시 영천동,33.3065159,126.5839968,제주특별자치도 서귀포시 상효동 산 28임,https://api.cdn.visitjeju.net/photomng/imgpath/201908/19/18c96cef-e38e-4403-8e8c-892c0dde6b91.webp,제주의 자생식물을 볼 수 있는 수목원,제주의 자생식물을 볼 수 있는 수목원,BASE+VJ+TOUR,TourAPI 이름 다름(상효원수목원),https://map.kakao.com/?q=상효원식물원
63,모살밭휴게소,,WEST,NATURE,자연관광지,,제주시 한림읍,33.3904017,126.2361946,제주특별자치도 제주시 한림읍 금능길 119-10,,제주시 한림읍에 있는 자연관광지입니다.,제주시 한림읍에 있는 자연관광지입니다.,BASE,설명 기본 문구; 세부설명 없음 → 한 줄 소개로 대체; 사진 없음; 관광지인지 확인(도서관·교회·골프 등),https://map.kakao.com/?q=모살밭휴게소
64,조랑말박물관,,EAST,CULTURE,문화시설,EXPERIENCE→CULTURE,서귀포시 표선면,33.3830767,126.7363199,제주특별자치도 서귀포시 표선면 녹산로 381-15,,서귀포시 표선면에 있는 문화시설입니다.,서귀포시 표선면에 있는 문화시설입니다.,BASE,설명 기본 문구; 세부설명 없음 → 한 줄 소개로 대체; 사진 없음,https://map.kakao.com/?q=조랑말박물관
66,말자하우스,,SOUTH,LEISURE,레저·스포츠 관련 시설,,서귀포시 대륜동,33.2353353,126.5139746,제주특별자치도 서귀포시 막숙포로 74,,서귀포시 대륜동에 있는 레저·스포츠 관련 시설입니다.,서귀포시 대륜동에 있는 레저·스포츠 관련 시설입니다.,BASE,설명 기본 문구; 세부설명 없음 → 한 줄 소개로 대체; 사진 없음,https://map.kakao.com/?q=말자하우스
67,천주교황사평성지,,NORTH,HISTORY,역사·유적·종교 시설,,제주시 화북동,33.4904757,126.5598768,제주특별자치도 제주시 기와5길 117-22,,제주시 화북동에 있는 역사·유적·종교 시설입니다.,제주시 화북동에 있는 역사·유적·종교 시설입니다.,BASE,설명 기본 문구; 세부설명 없음 → 한 줄 소개로 대체; 사진 없음,https://map.kakao.com/?q=천주교황사평성지
72,견월교,,NORTH,NATURE,자연관광지,,제주시 봉개동,33.4239988,126.6080841,제주특별자치도 제주시 봉개동 산 78-3임,,제주시 봉개동에 있는 자연관광지입니다.,제주시 봉개동에 있는 자연관광지입니다.,BASE,설명 기본 문구; 세부설명 없음 → 한 줄 소개로 대체; 사진 없음,https://map.kakao.com/?q=견월교
76,외돌개관광단지,외돌개,SOUTH,TRAIL,산책로·둘레길,,서귀포시 서홍동,33.2397525,126.5433516,제주특별자치도 서귀포시 호근동 336 임,https://api.cdn.visitjeju.net/photomng/imgpath/202110/26/a434d9b2-a595-485f-89d6-1423bd989912.webp,"바다 위에 홀로 우뚝, 우직한 외돌개","바다 위에 홀로 우뚝, 우직한 외돌개",AI+BASE+VJ+TOUR,AI 후보 '외돌개'와 연결(이름 다름) → 확인,https://map.kakao.com/?q=외돌개관광단지
82,아띠하우스,,WEST,CULTURE,문화시설,,서귀포시 안덕면,33.2965689,126.308308,제주특별자치도 서귀포시 안덕면 신화역사로188번길 151,,서귀포시 안덕면에 있는 문화시설입니다.,서귀포시 안덕면에 있는 문화시설입니다.,BASE,설명 기본 문구; 세부설명 없음 → 한 줄 소개로 대체; 사진 없음,https://map.kakao.com/?q=아띠하우스
92,라온더마파크,더마파크,WEST,THEME,테마시설,,제주시 한림읍,33.3547367,126.2426487,제주특별자치도 제주시 한림읍 월림7길 155,https://api.cdn.visitjeju.net/photomng/imgpath/202111/16/84fd9eab-8916-47b2-b2d9-db0fb87a1f8a.webp,승마·기마공연·카트를 즐기는 말 테마공원,승마·기마공연·카트를 즐기는 말 테마공원,AI+BASE+VJ+TOUR,AI 후보 '더마파크'와 연결(이름 다름) → 확인,https://map.kakao.com/?q=라온더마파크
95,새별헤이요목장,,WEST,EXPERIENCE,체험 활동 관광지,,제주시 애월읍,33.363034,126.3641169,제주특별자치도 제주시 애월읍 평화로 1529,,제주시 애월읍에 있는 체험 활동 관광지입니다.,제주시 애월읍에 있는 체험 활동 관광지입니다.,BASE,설명 기본 문구; 세부설명 없음 → 한 줄 소개로 대체; 사진 없음,https://map.kakao.com/?q=새별헤이요목장
96,제주국제평화센터,,SOUTH,CULTURE,문화시설,,서귀포시 중문동,33.2451893,126.4213758,제주특별자치도 서귀포시 중문관광로 227-24,https://api.cdn.visitjeju.net/photomng/imgpath/201804/30/7cdd9eb6-8040-4938-9e37-7bd5a9581608.webp,세계 평화의 섬 이미지 구현의 구심점 역할,"제주국제평화센터는 2005년 제주특별자치도가 대한민국 정부로부터 세계평화의 섬으로 공식 지정되면서 상징시설인 제주국제평화센터를 서귀포시 중문관광단지 내에 건립하였다. 제주국제평화센터는 지상 2층, 지하 1층 건물에 4개의 전시실과 세미나실, 정보 자료실, 기념품 매장, 카페테리아 등의 부대 시설을 갖추고 있다. 제주국제평화센터는 다양한 시청각 자료들을 전시하고 있으며, 제주가 평화의 섬으로 지정되기까지의 정치적, 지리적, 환경적인 이유를 쉽고 자세하게 설명하고 있다. 전시실 내부의 한국어, 영어, 중국어 안내문은 국내 관람객뿐 아니라 제주를 찾는 해외 관광객들에게 동북아시아 평화의 중심으로서의 제주를 알리는 역할을 하고 있다.",BASE+VJ+TOUR,관광지인지 확인(도서관·교회·골프 등),https://map.kakao.com/?q=제주국제평화센터
97,제주세계자연유산센터,제주 세계자연유산센터,EAST,CULTURE,문화시설,,제주시 조천읍,33.4567416,126.7149906,제주특별자치도 제주시 조천읍 선교로 569-36,https://api.cdn.visitjeju.net/photomng/imgpath/202112/08/c29d545c-bf68-462e-8606-510c50930951.webp,대한민국 최초의 세계자연유산으로서의 상징성을 위해 기념된 곳입니다,대한민국 최초의 세계자연유산으로서의 상징성을 위해 기념된 곳입니다,AI+BASE+VJ+TOUR,관광지인지 확인(도서관·교회·골프 등),https://map.kakao.com/?q=제주세계자연유산센터
98,납읍목장,,WEST,EXPERIENCE,체험 활동 관광지,,제주시 애월읍,33.3902387,126.3754269,제주특별자치도 제주시 애월읍 산록서로 15,,제주시 애월읍에 있는 체험 활동 관광지입니다.,제주시 애월읍에 있는 체험 활동 관광지입니다.,BASE,설명 기본 문구; 세부설명 없음 → 한 줄 소개로 대체; 사진 없음,https://map.kakao.com/?q=납읍목장
105,절물휴양림,,NORTH,NATURE,자연관광지,,제주시 봉개동,33.4367638,126.6284646,제주특별자치도 제주시 명림로 584,https://api.cdn.visitjeju.net/photomng/imgpath/202408/26/805247f8-451f-4ff7-88ec-d4512ee1fb3e.webp,삼나무 숲에서 즐기는 산림욕,삼나무 숲에서 즐기는 산림욕,BASE+VJ+TOUR,TourAPI 이름 다름(제주절물자연휴양림),https://map.kakao.com/?q=절물휴양림
106,용담공원,,NORTH,NATURE,자연관광지,,제주시 용담2동,33.514024,126.5147319,제주특별자치도 제주시 용담이동 372전,https://api.cdn.visitjeju.net/photomng/imgpath/202112/08/02cadb7a-e2d4-4698-9dea-4e9e7fe17154.webp,편의시설과 체육시설이 잘 갖춰진 공원,"용담공원은 용두암 근처에 있는 작은 공원으로, 용연 다리와도 연결된 도심 속의 자그마한 쉼터이다. 근처 관광지인 용두암은 기암괴석 사이에 있는 용머리 모양의 관광 명소이며, 용연 다리는 용담 공원과 건너편을 잇는 거대한 출렁다리다. 밤이면 화려한 조명이 켜지면서 아름다운 야경을 자랑한다. 다리 건너편 용담공원은 비록 규모가 크지는 않지만, 오밀조밀 잘 꾸며놓아 산책하기에 좋다. 나무 벤치와 조각상이 설치되어 있어 해안을 바라보며 잠시 쉬었다가 갈 수도 있다.",BASE+VJ+TOUR,비짓제주 이름 다름(용담레포츠공원),https://map.kakao.com/?q=용담공원
113,하이제주,,NORTH,COMMERCIAL,상업지구,,제주시 연동,33.4861043,126.4888047,제주특별자치도 제주시 노연로 81,,제주시 연동에 있는 상업지구입니다.,제주시 연동에 있는 상업지구입니다.,BASE,설명 기본 문구; 세부설명 없음 → 한 줄 소개로 대체; 사진 없음,https://map.kakao.com/?q=하이제주
116,피규어뮤지움제주,피규어뮤지엄제주,WEST,CULTURE,문화시설,,서귀포시 안덕면,33.2817163,126.3553772,제주특별자치도 서귀포시 안덕면 한창로 243,https://api.cdn.visitjeju.net/photomng/imgpath/201804/30/42161641-a82b-42d5-9648-7c75a07d498f.webp,"국내 최대규모의 피규어 뮤지엄, 피규어 취향저격 기프트샵","국내 최대규모의 피규어 뮤지엄, 피규어 취향저격 기프트샵",AI+BASE+VJ+TOUR,AI 후보 '피규어뮤지엄제주'와 연결(이름 다름) → 확인,https://map.kakao.com/?q=피규어뮤지움제주
117,소문난옥돔,,NORTH,COMMERCIAL,상업지구,,제주시 이도1동,33.5125359,126.5254794,제주특별자치도 제주시 오현길 88,,제주시 이도1동에 있는 상업지구입니다.,제주시 이도1동에 있는 상업지구입니다.,BASE,설명 기본 문구; 세부설명 없음 → 한 줄 소개로 대체; 사진 없음,https://map.kakao.com/?q=소문난옥돔
119,대성농장,,WEST,EXPERIENCE,체험 활동 관광지,,서귀포시 안덕면,33.2801422,126.3657592,제주특별자치도 서귀포시 안덕면 병악로 44-33,,서귀포시 안덕면에 있는 체험 활동 관광지입니다.,서귀포시 안덕면에 있는 체험 활동 관광지입니다.,BASE,설명 기본 문구; 세부설명 없음 → 한 줄 소개로 대체; 사진 없음,https://map.kakao.com/?q=대성농장
122,제주해녀박물관,해녀박물관,EAST,HISTORY,역사·유적·종교 시설,,제주시 구좌읍,33.5228343,126.8634508,제주특별자치도 제주시 구좌읍 해녀박물관길 26,https://api.cdn.visitjeju.net/photomng/imgpath/202111/08/0d4afd3d-f164-4685-bd89-61436f09be7f.webp,바당의 어멍 제주해녀의 삶을 느낄 수 있는 곳,바당의 어멍 제주해녀의 삶을 느낄 수 있는 곳,AI+BASE+VJ+TOUR,AI 후보 '해녀박물관'와 연결(이름 다름) → 확인,https://map.kakao.com/?q=제주해녀박물관
128,제주연동오네프,,NORTH,EXPERIENCE,체험 활동 관광지,,제주시 연동,33.4926061,126.4962579,제주특별자치도 제주시 삼무로11길 9,,제주시 연동에 있는 체험 활동 관광지입니다.,제주시 연동에 있는 체험 활동 관광지입니다.,BASE,설명 기본 문구; 세부설명 없음 → 한 줄 소개로 대체; 사진 없음,https://map.kakao.com/?q=제주연동오네프
138,더코드,,SOUTH,CULTURE,문화시설,,서귀포시 정방동,33.2476152,126.5640047,제주특별자치도 서귀포시 이중섭로 4-1,,서귀포시 정방동에 있는 문화시설입니다.,서귀포시 정방동에 있는 문화시설입니다.,BASE,설명 기본 문구; 세부설명 없음 → 한 줄 소개로 대체; 사진 없음,https://map.kakao.com/?q=더코드
139,까사팰리스타운,,NORTH,COMMERCIAL,상업지구,,제주시 이도2동,33.4924299,126.5285218,제주특별자치도 제주시 도남로 89,,제주시 이도2동에 있는 상업지구입니다.,제주시 이도2동에 있는 상업지구입니다.,BASE,설명 기본 문구; 세부설명 없음 → 한 줄 소개로 대체; 사진 없음,https://map.kakao.com/?q=까사팰리스타운
141,노루생이삼거리,,NORTH,COMMERCIAL,상업지구,LEISURE→COMMERCIAL,제주시 연동,33.422401,126.4931044,제주특별자치도 제주시 연동 산 146-9도,,제주시 연동에 있는 상업지구입니다.,제주시 연동에 있는 상업지구입니다.,BASE,설명 기본 문구; 세부설명 없음 → 한 줄 소개로 대체; 사진 없음,https://map.kakao.com/?q=노루생이삼거리
152,중문랜드,,SOUTH,THEME,테마시설,EXPERIENCE→THEME,서귀포시 예래동,33.2636334,126.3855125,제주특별자치도 서귀포시 소보리당로164번길 62,,서귀포시 예래동에 있는 테마시설입니다.,서귀포시 예래동에 있는 테마시설입니다.,BASE,설명 기본 문구; 세부설명 없음 → 한 줄 소개로 대체; 사진 없음,https://map.kakao.com/?q=중문랜드
154,통나무파크,,WEST,THEME,테마시설,EXPERIENCE→THEME,제주시 애월읍,33.4099524,126.3657889,제주특별자치도 제주시 애월읍 도치돌길 293,,제주시 애월읍에 있는 테마시설입니다.,제주시 애월읍에 있는 테마시설입니다.,BASE,설명 기본 문구; 세부설명 없음 → 한 줄 소개로 대체; 사진 없음,https://map.kakao.com/?q=통나무파크
156,삼매봉도서관,,SOUTH,CULTURE,문화시설,,서귀포시 천지동,33.2444313,126.5521091,제주특별자치도 서귀포시 남성중로153번길 15,https://tong.visitkorea.or.kr/cms/resource/49/3383849_image2_1.jpg,삼매봉도서관은 제주특별자치도에 있는 15개의 공공도서관 중 한 곳으로 서귀포시 서홍동 기당미술관 옆에 있다.,"삼매봉도서관은 제주특별자치도에 있는 15개의 공공도서관 중 한 곳으로 서귀포시 서홍동 기당미술관 옆에 있다. 다양한 자료를 수집 및 제공함으로써 도민의 독서 생활화에 기여하고 있으며, 다양한 계층별 독서 문화 프로그램을 통해 도민들의 평생교육 실현에 앞장서고 있는 문화 소통의 복합 공간이다. 천장에는 외부를 그대로 보여주고 있어 바깥 풍경을 볼 수 있으며, 실내에 식물들이 식재되어 있어 편안한 느낌을 준다.
이곳은 제주 올레길 중 가장 인기가 많은 제주 올레 7코스에 포함되어 있어 오름도 오르고 독서도 하며 휴식을 취하고 싶다면 삼매봉도서관이 제격이다.",BASE+TOUR,관광지인지 확인(도서관·교회·골프 등),https://map.kakao.com/?q=삼매봉도서관
157,뽀로로앤타요테마파크,뽀로로앤타요테마파크 제주,WEST,THEME,테마시설,,서귀포시 안덕면,33.3004579,126.370805,제주특별자치도 서귀포시 안덕면 병악로 269,https://api.cdn.visitjeju.net/photomng/imgpath/202002/06/19eb3655-5106-418e-b7b8-0e0ba24dbd31.webp,아이들에게 인기만점인 캐릭터 뽀로로와 타요를 만날 수 있는 테마파크 다양한 어트랙션이 실내와 실외에 골고루 있어 비가 와도 문제없이 즐길 수…,"아이들에게 인기만점인 캐릭터 뽀로로와 타요를 만날 수 있는 테마파크
다양한 어트랙션이 실내와 실외에 골고루 있어 비가 와도 문제없이 즐길 수 있다.",AI+BASE+VJ+TOUR,AI 후보 '뽀로로앤타요테마파크 제주'와 연결(이름 다름) → 확인,https://map.kakao.com/?q=뽀로로앤타요테마파크
159,제주서프하우스,,SOUTH,EXPERIENCE,체험 활동 관광지,,서귀포시 예래동,33.258444,126.4130294,제주특별자치도 서귀포시 일주서로 914,,서귀포시 예래동에 있는 체험 활동 관광지입니다.,서귀포시 예래동에 있는 체험 활동 관광지입니다.,BASE,설명 기본 문구; 세부설명 없음 → 한 줄 소개로 대체; 사진 없음,https://map.kakao.com/?q=제주서프하우스
164,제주올레여행자센터,,SOUTH,TRAIL,산책로·둘레길,,서귀포시 천지동,33.2474052,126.558667,제주특별자치도 서귀포시 중정로 22,https://api.cdn.visitjeju.net/photomng/imgpath/202401/17/c478d5d8-bf53-4591-8c23-768147a815da.webp,제주 여행자들의 베이스캠프,제주 여행자들의 베이스캠프,BASE+VJ+TOUR,관광지인지 확인(도서관·교회·골프 등),https://map.kakao.com/?q=제주올레여행자센터
169,제주민속박물관,,EAST,CULTURE,문화시설,HISTORY→CULTURE,서귀포시 표선면,33.3205301,126.8431877,제주특별자치도 서귀포시 표선면 민속해안로 631-34,https://api.cdn.visitjeju.net/photomng/imgpath/202407/08/279e016a-35d4-4a6e-a432-799743d168df.webp,"제주에서 가장 제주다움을 볼 수 있는 곳, ‘제주민속촌’","제주에서 가장 제주다움을 볼 수 있는 곳, ‘제주민속촌’",BASE+VJ+TOUR,비짓제주 이름 다름(제주민속촌); TourAPI 이름 다름(제주민속촌),https://map.kakao.com/?q=제주민속박물관
170,서바이벌체험관,,SOUTH,EXPERIENCE,체험 활동 관광지,LEISURE→EXPERIENCE,서귀포시 영천동,33.2895399,126.5889654,제주특별자치도 서귀포시 토평공단로 78-27,,서귀포시 영천동에 있는 체험 활동 관광지입니다.,서귀포시 영천동에 있는 체험 활동 관광지입니다.,BASE,설명 기본 문구; 세부설명 없음 → 한 줄 소개로 대체; 사진 없음,https://map.kakao.com/?q=서바이벌체험관
172,민속자연사박물관,제주특별자치도 민속자연사박물관,NORTH,HISTORY,역사·유적·종교 시설,,제주시 일도2동,33.5055115,126.5315677,제주특별자치도 제주시 삼성로 40,https://api.cdn.visitjeju.net/photomng/imgpath/202111/15/83f1fd6b-f86a-4136-a02e-75c9baca7d12.webp,제주민속자연사박물관은 제주 사람들이 오랜 세월 지켜온 전통문화와 자연 환경을 깊이 들여다보고 이해하는 공간이다.,제주민속자연사박물관은 제주 사람들이 오랜 세월 지켜온 전통문화와 자연 환경을 깊이 들여다보고 이해하는 공간이다. 볼거리가 많고 내용이 알차서 관람 시간을 넉넉히 잡는 것이 좋다. 제주 신화의 발상지인 삼성혈과 이웃해 함께 둘러보면 편하다.,AI+BASE+VJ+TOUR,AI 후보 '제주특별자치도 민속자연사박물관'와 연결(이름 다름) → 확인,https://map.kakao.com/?q=민속자연사박물관
173,D&DEPARTMENTJEJUBYARARIO,,NORTH,COMMERCIAL,상업지구,,제주시 삼도2동,33.5177427,126.5231658,제주특별자치도 제주시 탑동로2길 3,,제주시 삼도2동에 있는 상업지구입니다.,제주시 삼도2동에 있는 상업지구입니다.,BASE,설명 기본 문구; 세부설명 없음 → 한 줄 소개로 대체; 사진 없음,https://map.kakao.com/?q=D&DEPARTMENTJEJUBYARARIO
174,중문골프클럽,,SOUTH,LEISURE,레저·스포츠 관련 시설,,서귀포시 예래동,33.2454226,126.4013982,제주특별자치도 서귀포시 중문관광로72번길 60,https://tong.visitkorea.or.kr/cms/resource/92/2607292_image2_1.bmp,중문관광단지에 위치한 중문골프클럽은 해안절벽을 따라 30여 만평 부지에 18홀 규모로 1981년에 조성되었다.,"중문관광단지에 위치한 중문골프클럽은 해안절벽을 따라 30여 만평 부지에 18홀 규모로 1981년에 조성되었다. 수려한 자연경관과 계곡을 낀 국내 유일의 해안코스를 따라 라운딩이 가능하며, 계절마다 다른 느낌의 코스로 즐길 수 있다. 또한, 양잔디로 시공하여 연중 푸르고 쾌적한 라운딩을 즐길 수 있다. 본래 회원제 골프장이지만, 국내외 관광객 이용기회를 확대하기 위하여 관광객 공유개념의 비회원제로 운영을 하고 있다. 철저한 사전예약제 운영으로 예약질서 확립 및 외국관광객 우선 예약을 실시하고 있다. 수려한 주변경관과 단지 내의 다양한 관광시설들을 이용할 수 있어 관광의 즐거움을 더해준다.",BASE+TOUR,관광지인지 확인(도서관·교회·골프 등),https://map.kakao.com/?q=중문골프클럽
175,오늘은녹차한잔,오늘은녹차한잔,EAST,NATURE,자연관광지,,서귀포시 표선면,33.3818497,126.7910726,제주특별자치도 서귀포시 표선면 중산간동로 4772,,서귀포시 표선면에 있는 자연관광지입니다.,서귀포시 표선면에 있는 자연관광지입니다.,AI+BASE,설명 기본 문구; 세부설명 없음 → 한 줄 소개로 대체; 사진 없음,https://map.kakao.com/?q=오늘은녹차한잔
177,와흘메밀농촌체험휴양마을,,EAST,EXPERIENCE,체험 활동 관광지,,제주시 조천읍,33.482789,126.6500808,제주특별자치도 제주시 조천읍 남조로 2455,https://tong.visitkorea.or.kr/cms/resource/09/4074109_image2_1.jpg,"제주 한라산 북쪽 사면 밑에 자리 잡은 와흘리는 구그네오름, 세미오름 등 여러 오름에 둘러 쌓여있고, 넓은 초지가 있는 중산간 마을이다.","제주 한라산 북쪽 사면 밑에 자리 잡은 와흘리는 구그네오름, 세미오름 등 여러 오름에 둘러 쌓여있고, 넓은 초지가 있는 중산간 마을이다. 산세모습이 마치 사람이 편안하게 누운 모습과 같다 하여 누울 ‘와’, 산 높을 ‘흘’이라 칭한 만큼 편안한 인심을 가진 사람들이 모여 하늘을 섬기던 전통을 잇고, 땅을 지키며, 이웃과 함께하는 아름다운 전형적인 농촌마을이다. 
매년 5월과 10월이면 하얀 메밀꽃이 만개해 사진 촬영 명소로 유명하다. 5월에는 축제가 열리며 다양한 체험행사도 진행한다. 
제주특별자치도 제주시 조천읍에 소재하고 있으며 제주공항에서 30분으로 제주시와 가까운 거리에 위치해 있다.",BASE+TOUR,TourAPI 이름 다름(와흘메밀마을),https://map.kakao.com/?q=와흘메밀농촌체험휴양마을
184,사라봉공원,사라봉,NORTH,NATURE,자연관광지,,제주시 건입동,33.5171582,126.544392,제주특별자치도 제주시 건입동 387-1임,https://api.cdn.visitjeju.net/photomng/imgpath/202111/24/495664c1-2a08-453c-b914-ed3322c29f9f.webp,"제주의 아침이 열리는 사라봉공원, 영주 10경 중의 하나인 사봉낙조의 장관을 볼 수 있는 곳","사라봉 공원은 제주시 동문로터리에서 있는 낮은 동산이다. 사라봉 전체를 공원으로 조성하여 제주 시민들의 산책이나 운동 장소로 이용될 뿐만 아니라, 사라봉을 오르는 관광객들에게도 오름을 오르는 즐거움을 더하고 있다. 사봉낙조는 사라봉에서 바라보는 해넘이를 말하는데, 이곳에서 볼 수 있는 사봉낙조는 영주(제주도의 옛 명칭) 12경의 하나로 성산일출과 대조가 될만하다. 북쪽으로는 바다를 끼고 남쪽으로는 한라산을 바라보고 있는 이곳은 제주시민은 물론 관광객도 즐겨 찾는다. 사라봉입구 버스 정류장에서 공원으로 가는 길에 모충사가 있고 사라봉 동쪽에는 패러글라이딩 활공장이 있는 별도봉이 들어앉았다. 기슭에 우당도서관이 있는데 이곳에서 부터 사라봉 뒤편을 돌아 제주항을 거친 다음 탑동까지 가는 코스는 이름난 드라이브 코스이다. 오후에 운동 겸 산책겸 사라봉을 오르면서 바다로 지는 일몰도 감상하고, 시내에 하나 둘 들어오는 불빛을 바라보면, 자연과 도시의 아름다움을 한번에 느낄 수 있다. 도시의 불빛 뿐만 아니라, 항구 쪽에서 밝혀지는 불빛들은 바닷가에서만 만날 수 있는 또 다른 아름다움을 선사한다.",AI+BASE+VJ+TOUR,AI 후보 '사라봉'와 연결(이름 다름) → 확인,https://map.kakao.com/?q=사라봉공원
192,머택젠푸드타운,,EAST,LEISURE,레저·스포츠 관련 시설,,제주시 구좌읍,33.5546273,126.7983725,제주특별자치도 제주시 구좌읍 해맞이해안로 480-1,,제주시 구좌읍에 있는 레저·스포츠 관련 시설입니다.,제주시 구좌읍에 있는 레저·스포츠 관련 시설입니다.,BASE,설명 기본 문구; 세부설명 없음 → 한 줄 소개로 대체; 사진 없음,https://map.kakao.com/?q=머택젠푸드타운
193,우도산호레져,우도,EAST,NATURE,자연관광지,,제주시 우도면,33.4941146,126.950475,제주특별자치도 제주시 우도면 우도해안길 90,https://api.cdn.visitjeju.net/photomng/imgpath/202408/21/edc894d2-02ca-4bc6-9d89-0681a696f58c.webp,소가 누운 형상을 닮은 제주의 가장 큰 부속섬,소가 누운 형상을 닮은 제주의 가장 큰 부속섬,AI+BASE+VJ+TOUR,AI 후보 '우도'와 연결(이름 다름) → 확인; TourAPI 이름 다름([제주올레 1-1코스] 우도 올레),https://map.kakao.com/?q=우도산호레져
197,해미안,,NORTH,EXPERIENCE,체험 활동 관광지,,제주시 외도동,33.4938186,126.4321388,제주특별자치도 제주시 일주서로 7353,,제주시 외도동에 있는 체험 활동 관광지입니다.,제주시 외도동에 있는 체험 활동 관광지입니다.,BASE,설명 기본 문구; 세부설명 없음 → 한 줄 소개로 대체; 사진 없음,https://map.kakao.com/?q=해미안
202,서림연대,,WEST,HISTORY,역사·유적·종교 시설,NATURE→HISTORY,서귀포시 대정읍,33.2365211,126.2306855,제주특별자치도 서귀포시 대정읍,,서귀포시 대정읍에 있는 역사·유적·종교 시설입니다.,서귀포시 대정읍에 있는 역사·유적·종교 시설입니다.,BASE,설명 기본 문구; 세부설명 없음 → 한 줄 소개로 대체; 사진 없음,https://map.kakao.com/?q=서림연대
203,산짓물공원,,NORTH,NATURE,자연관광지,,제주시 건입동,33.5158154,126.5287797,제주특별자치도 제주시 건입동 1335-3 대,https://api.cdn.visitjeju.net/photomng/imgpath/201812/20/63e7d14d-3939-47d5-870f-535162cfe5f2.webp,제주시 중심지 한복판에 위치한 공원,제주시 중심지 한복판에 위치한 공원,BASE+VJ+TOUR,비짓제주 이름 다름(신산공원); TourAPI 이름 다름(신산공원),https://map.kakao.com/?q=산짓물공원
205,국립제주박물관어린이올레,국립제주박물관,NORTH,HISTORY,역사·유적·종교 시설,,제주시 건입동,33.5137212,126.5485887,제주특별자치도 제주시 일주동로 17,https://api.cdn.visitjeju.net/photomng/imgpath/201806/28/a9a2562a-6f36-4223-b185-9d250af3306a.webp,동북아시아 문화교류의 거점인 제주도 역사와 문화의 전당,동북아시아 문화교류의 거점인 제주도 역사와 문화의 전당,AI+BASE+VJ+TOUR,AI 후보 '국립제주박물관'와 연결(이름 다름) → 확인,https://map.kakao.com/?q=국립제주박물관어린이올레
213,토종흑염소목장,,SOUTH,EXPERIENCE,체험 활동 관광지,,서귀포시 남원읍,33.3174809,126.6596889,제주특별자치도 서귀포시 남원읍 자배오름로 74-274,,서귀포시 남원읍에 있는 체험 활동 관광지입니다.,서귀포시 남원읍에 있는 체험 활동 관광지입니다.,BASE,설명 기본 문구; 세부설명 없음 → 한 줄 소개로 대체; 사진 없음,https://map.kakao.com/?q=토종흑염소목장
217,한림 작은영화관,,WEST,CULTURE,문화시설,,제주시 한림읍,33.4087576,126.2680786,제주특별자치도 제주시 한림읍 한림중앙로 71-9,,제주시 한림읍에 있는 문화시설입니다.,제주시 한림읍에 있는 문화시설입니다.,BASE,설명 기본 문구; 세부설명 없음 → 한 줄 소개로 대체; 사진 없음,https://map.kakao.com/?q=한림 작은영화관
220,한림수협위판장,,WEST,COMMERCIAL,상업지구,,제주시 한림읍,33.4161044,126.2615019,제주특별자치도 제주시 한림읍 한림해안로 141-4,,제주시 한림읍에 있는 상업지구입니다.,제주시 한림읍에 있는 상업지구입니다.,BASE,설명 기본 문구; 세부설명 없음 → 한 줄 소개로 대체; 사진 없음; 관광지인지 확인(도서관·교회·골프 등),https://map.kakao.com/?q=한림수협위판장
221,노형수산시장,,NORTH,COMMERCIAL,상업지구,,제주시 노형동,33.4803945,126.4730749,제주특별자치도 제주시 한라대학로 7,,제주시 노형동에 있는 상업지구입니다.,제주시 노형동에 있는 상업지구입니다.,BASE,설명 기본 문구; 세부설명 없음 → 한 줄 소개로 대체; 사진 없음,https://map.kakao.com/?q=노형수산시장
231,브릭캠퍼스,,NORTH,THEME,테마시설,,제주시 노형동,33.4582146,126.4860221,제주특별자치도 제주시 노형동 244-16 임,,제주시 노형동에 있는 테마시설입니다.,제주시 노형동에 있는 테마시설입니다.,BASE,설명 기본 문구; 세부설명 없음 → 한 줄 소개로 대체; 사진 없음,https://map.kakao.com/?q=브릭캠퍼스
234,서복공원,,SOUTH,NATURE,자연관광지,,서귀포시 송산동,33.2447484,126.5702674,제주특별자치도 서귀포시 서귀동 93-19 대,,서귀포시 송산동에 있는 자연관광지입니다.,서귀포시 송산동에 있는 자연관광지입니다.,BASE,설명 기본 문구; 세부설명 없음 → 한 줄 소개로 대체; 사진 없음,https://map.kakao.com/?q=서복공원
235,창열사,,EAST,HISTORY,역사·유적·종교 시설,,제주시 조천읍,33.5410372,126.64071,제주특별자치도 제주시 조천읍 신북로 303,,제주시 조천읍에 있는 역사·유적·종교 시설입니다.,제주시 조천읍에 있는 역사·유적·종교 시설입니다.,BASE,설명 기본 문구; 세부설명 없음 → 한 줄 소개로 대체; 사진 없음,https://map.kakao.com/?q=창열사
237,조천도서관,,EAST,CULTURE,문화시설,,제주시 조천읍,33.5377814,126.667767,제주특별자치도 제주시 조천읍 함덕리 919 대,https://tong.visitkorea.or.kr/cms/resource/91/3553091_image2_1.jpg,조천읍도서관은 다양한 자료를 수집 및 제공함으로써 도민의 독서생활화에 기여하고 있는 공공도서관이다.,"조천읍도서관은 다양한 자료를 수집 및 제공함으로써 도민의 독서생활화에 기여하고 있는 공공도서관이다. 1999년에 개관하였으며, 현재는 제주시 문화관광체육국 산하 우당도서관에서 관리하고 있다. 다양한 계층별 독서문화 프로그램을 통해 도민들의 평생교육 실현에 앞장서고 있는 문화·소통의 복합공간을 위해 힘쓰고 있다. 지하 1층, 지상 2층 규모로 총 250석의 좌석을 갖춘 열람실과 서예실, 정보이용실, 다목적강당, 어린이자료실 등이 있다. 어린이자료실은 아이들이 자유롭게 앉고 기대거나 누워서 볼 수 있는 편안한 공간으로 마련되어 있다. 영유아를 위한 온돌방 형태의 공간도 갖추고 있어 부모와 자녀가 함께 책을 즐길 수 있다.",BASE+TOUR,관광지인지 확인(도서관·교회·골프 등),https://map.kakao.com/?q=조천도서관
241,올티스영농조합법인,,EAST,EXPERIENCE,체험 활동 관광지,,제주시 조천읍,33.4629919,126.7174511,제주특별자치도 제주시 조천읍 거문오름길 23-58,,제주시 조천읍에 있는 체험 활동 관광지입니다.,제주시 조천읍에 있는 체험 활동 관광지입니다.,BASE,설명 기본 문구; 세부설명 없음 → 한 줄 소개로 대체; 사진 없음,https://map.kakao.com/?q=올티스영농조합법인
244,비양도등대,,EAST,NATURE,자연관광지,,제주시 우도면,33.5144182,126.9723466,제주특별자치도 제주시 우도면 안비양길 51,https://api.cdn.visitjeju.net/photomng/imgpath/202111/02/1b8d9a22-d8bf-44bc-9769-10836f5049af.webp,"우도 섬 속에 또 하나의 섬, 비양도","우도 섬 속에 또 하나의 섬, 비양도",BASE+VJ,비짓제주 이름 다름(우도 비양도),https://map.kakao.com/?q=비양도등대
245,성이시돌센터,,WEST,HISTORY,역사·유적·종교 시설,,제주시 한림읍,33.3466451,126.3226204,제주특별자치도 제주시 한림읍 금악북로 353,https://api.cdn.visitjeju.net/photomng/imgpath/202110/28/f2223296-ce4a-4352-86fe-8e2b85f5edd3.webp,아름다운 풍경이 있는 목장,아름다운 풍경이 있는 목장,BASE+VJ+TOUR,비짓제주 이름 다름(성이시돌목장); TourAPI 이름 다름(성이시돌목장); 관광지인지 확인(도서관·교회·골프 등),https://map.kakao.com/?q=성이시돌센터
246,하멜상선전시관,,WEST,CULTURE,문화시설,,서귀포시 안덕면,33.2333951,126.3136868,제주특별자치도 서귀포시 안덕면 사계남로216번길 24-30,,서귀포시 안덕면에 있는 문화시설입니다.,서귀포시 안덕면에 있는 문화시설입니다.,BASE,설명 기본 문구; 세부설명 없음 → 한 줄 소개로 대체; 사진 없음,https://map.kakao.com/?q=하멜상선전시관
254,(주)제주유리의성,,WEST,THEME,테마시설,,제주시 한경면,33.3146339,126.2736624,제주특별자치도 제주시 한경면 녹차분재로 462,,제주시 한경면에 있는 테마시설입니다.,제주시 한경면에 있는 테마시설입니다.,BASE,설명 기본 문구; 세부설명 없음 → 한 줄 소개로 대체; 사진 없음,https://map.kakao.com/?q=(주)제주유리의성
255,바다그린하우스,,NORTH,THEME,테마시설,,제주시 용담2동,33.5157547,126.5046917,제주특별자치도 제주시 서해안로 630,,제주시 용담2동에 있는 테마시설입니다.,제주시 용담2동에 있는 테마시설입니다.,BASE,설명 기본 문구; 세부설명 없음 → 한 줄 소개로 대체; 사진 없음,https://map.kakao.com/?q=바다그린하우스
258,액트몬제주푸드박스,,SOUTH,EXPERIENCE,체험 활동 관광지,,서귀포시 중문동,33.2438864,126.4216624,제주특별자치도 서귀포시 중문관광로 205,https://api.cdn.visitjeju.net/photomng/imgpath/202609/11/85181d4f-912c-412d-b64e-c6f1dddfbcd0.jpg,"제주 중문에서 비 오는 날에도 즐길 수 있는 실내 액티비티를 찾고 있다면, 액트몬 제주중문점!","제주 중문에서 비 오는 날에도 즐길 수 있는 실내 액티비티를 찾고 있다면, 액트몬 제주중문점!
제주 중문관광단지에 위치한 약 1,000평 규모의 실내 액티비티 공간으로, 아이부터 어른까지 날씨에 상관없이 다양한 게임과 체험을 즐길 수 있습니다.
액트몬 제주중문점에서는 각기 다른 재미를 가진 4개의 콘텐츠를 만나볼 수 있습니다.

1. 아이존팝
다양한 아케이드 게임을 시간제로 자유롭게 즐기는 대형 실내 오락실

2. 레이저 미션
200평 규모의 레이저 서바이벌 경기장에서 친구, 가족들과 함께 즐기는 레이저 서바이벌 배틀 게임

3. 액트몬스터 보물찾기
30개의 보물존을 탐험하며 숨겨진 은화를 찾아가는 방탈출형 해적 보물찾기 입니다. 미션을 수행하며 은화를 모으고, 찾은 은화는 가챠 상품으로 교환할 수 있습니다.

4. 포즐파크
직접 꾸민 나만의 냥냥이와 함께 여권을 들고 스티커 미션존, 셀프 포토존, 런웨이존 등 냥냥별 여행을 떠나는 테마형 체험공간

전 구역이 실내라 비가 오거나 더운 날에도 이용할 수 있으며, 평균 체류시간은 1~2시간입니다. 예약 없이 당일 입장이 가능하며 무료주차도 가능합니다.
제주 중문에서 아이와 갈 곳, 비 오는 날 실내 놀거리, 가족이 함께 즐길 수 있는 제주 오락실을 찾는다면 액트몬 제주중문점에서 만나보세요.",BASE+VJ,비짓제주 이름 다름(액트몬 제주점),https://map.kakao.com/?q=액트몬제주푸드박스
259,갯갓다리,,SOUTH,NATURE,자연관광지,,서귀포시 예래동,33.2411675,126.3967469,제주특별자치도 서귀포시 예래동,,서귀포시 예래동에 있는 자연관광지입니다.,서귀포시 예래동에 있는 자연관광지입니다.,BASE,설명 기본 문구; 세부설명 없음 → 한 줄 소개로 대체; 사진 없음,https://map.kakao.com/?q=갯갓다리
262,위미항활어회센터,,SOUTH,COMMERCIAL,상업지구,,서귀포시 남원읍,33.2703764,126.6641044,제주특별자치도 서귀포시 남원읍 위미중앙로196번길 6-37,https://tong.visitkorea.or.kr/cms/resource/57/3390157_image2_1.jpg,위미항은 국가 어항으로 풍부한 수산자원을 보유한 연근해 어업의 근거지다.,"위미항은 국가 어항으로 풍부한 수산자원을 보유한 연근해 어업의 근거지다. 제주에서 가장 포근하고 따뜻한 곳으로 봄에는 제주도에서 가장 먼저 벚꽃이 개화하는 곳이며 석양이 아름답기로도 유명하다. 위미항은 바닥이 훤히 보일 정도로 맑고 깨끗한 것이 특징이다. 바다 멀리 편평하게 다듬어 놓은 듯한 지귀도가 보인다. 제주 올레 5코스에 속해 있는 이곳은 걷기에도 좋고, 주변에 동백나무 군락지가 있어 구석구석 아름다운 풍경을 감상할 수 있다. 체험학습과 낚시를 즐길 수 있는 관광용 어장이 있어 여름철에 가족 단위의 관광객들이 많이 찾는다. 또한 동방파제에 있는 수협 활어 어판장에서 싱싱한 회를 바로 손질해 먹을 수 있어 식도락 여행지로도 손색이 없다.",BASE+TOUR,관광지인지 확인(도서관·교회·골프 등),https://map.kakao.com/?q=위미항활어회센터
271,엠브리지1971,,WEST,CULTURE,문화시설,,서귀포시 대정읍,33.2101121,126.2571274,제주특별자치도 서귀포시 대정읍 최남단해안로 128,,서귀포시 대정읍에 있는 문화시설입니다.,서귀포시 대정읍에 있는 문화시설입니다.,BASE,설명 기본 문구; 세부설명 없음 → 한 줄 소개로 대체; 사진 없음,https://map.kakao.com/?q=엠브리지1971
272,테디베어뮤지엄,테디베어뮤지엄 제주점,SOUTH,CULTURE,문화시설,,서귀포시 색달동,33.2504156,126.412279,제주특별자치도 서귀포시 중문관광로110번길 31,https://api.cdn.visitjeju.net/photomng/imgpath/202409/09/8c18f0f6-56e4-4388-9cb3-c3e0a9e34595.webp,"다양한 테마와 재미있는 볼거리가 가득한 국내 유일의 테디베어 박물관, 중문관광단지 중심에 있음","다양한 테마와 재미있는 볼거리가 가득한 국내 유일의 테디베어 박물관, 중문관광단지 중심에 있음",AI+BASE+VJ+TOUR,AI 후보 '테디베어뮤지엄 제주점'와 연결(이름 다름) → 확인,https://map.kakao.com/?q=테디베어뮤지엄
278,함덕돌핀레져,,EAST,LEISURE,레저·스포츠 관련 시설,,제주시 조천읍,33.5440111,126.6682792,제주특별자치도 제주시 조천읍 함덕리 1008,,제주시 조천읍에 있는 레저·스포츠 관련 시설입니다.,제주시 조천읍에 있는 레저·스포츠 관련 시설입니다.,BASE,설명 기본 문구; 세부설명 없음 → 한 줄 소개로 대체; 사진 없음,https://map.kakao.com/?q=함덕돌핀레져
279,연동연대(도지정기념물제23-10호),,SOUTH,NATURE,자연관광지,,서귀포시 대륜동,33.2419739,126.5242333,제주특별자치도 서귀포시 서호동 73임,,서귀포시 대륜동에 있는 자연관광지입니다.,서귀포시 대륜동에 있는 자연관광지입니다.,BASE,설명 기본 문구; 세부설명 없음 → 한 줄 소개로 대체; 사진 없음,https://map.kakao.com/?q=연동연대(도지정기념물제23-10호)
281,까사빌2차,,NORTH,COMMERCIAL,상업지구,,제주시 도두동,33.4942358,126.4709074,제주특별자치도 제주시 도두일동 2317 대,,제주시 도두동에 있는 상업지구입니다.,제주시 도두동에 있는 상업지구입니다.,BASE,설명 기본 문구; 세부설명 없음 → 한 줄 소개로 대체; 사진 없음,https://map.kakao.com/?q=까사빌2차
284,해변산책,해변산책,WEST,TRAIL,산책로·둘레길,,제주시 애월읍,33.4520466,126.3080135,제주특별자치도 제주시 애월읍 곽지9길 7,,제주시 애월읍에 있는 산책로·둘레길입니다.,제주시 애월읍에 있는 산책로·둘레길입니다.,AI+BASE,설명 기본 문구; 세부설명 없음 → 한 줄 소개로 대체; 사진 없음,https://map.kakao.com/?q=해변산책
285,가시리문화센터,,EAST,CULTURE,문화시설,,서귀포시 표선면,33.3535717,126.7707759,제주특별자치도 서귀포시 표선면 가시로565번길 20,,서귀포시 표선면에 있는 문화시설입니다.,서귀포시 표선면에 있는 문화시설입니다.,BASE,설명 기본 문구; 세부설명 없음 → 한 줄 소개로 대체; 사진 없음; 관광지인지 확인(도서관·교회·골프 등),https://map.kakao.com/?q=가시리문화센터
288,제주남문교회,,NORTH,HISTORY,역사·유적·종교 시설,,제주시 이도2동,33.4986403,126.531466,제주특별자치도 제주시 광양13길 6-3,,제주시 이도2동에 있는 역사·유적·종교 시설입니다.,제주시 이도2동에 있는 역사·유적·종교 시설입니다.,BASE,설명 기본 문구; 세부설명 없음 → 한 줄 소개로 대체; 사진 없음; 관광지인지 확인(도서관·교회·골프 등),https://map.kakao.com/?q=제주남문교회
294,송악산,송악산둘레길,WEST,TRAIL,산책로·둘레길,,서귀포시 대정읍,33.1990834,126.2897917,제주특별자치도 서귀포시 대정읍 상모리 산 2 임,https://api.cdn.visitjeju.net/photomng/imgpath/202008/21/a8ee7cef-10ef-42a1-b1f7-d5730021f0dc.webp,서남부의 절경을 선사하는 산방산의 이웃산,서남부의 절경을 선사하는 산방산의 이웃산,AI+BASE+VJ+TOUR,AI 후보 '송악산둘레길'와 연결(이름 다름) → 확인,https://map.kakao.com/?q=송악산
298,무민랜드제주,,WEST,THEME,테마시설,,서귀포시 안덕면,33.3067993,126.3815342,제주특별자치도 서귀포시 안덕면 병악로 420,,서귀포시 안덕면에 있는 테마시설입니다.,서귀포시 안덕면에 있는 테마시설입니다.,BASE,설명 기본 문구; 세부설명 없음 → 한 줄 소개로 대체; 사진 없음,https://map.kakao.com/?q=무민랜드제주
299,캐슬렉스제주골프클럽,,WEST,LEISURE,레저·스포츠 관련 시설,,제주시 한림읍,33.3422761,126.3503629,제주특별자치도 제주시 한림읍 금악리 산 41체,https://tong.visitkorea.or.kr/cms/resource/07/3402907_image2_1.jpg,한라산과 한림바다가 한눈에 들어오는 서귀포시 안덕면에 위치한 캐슬렉스제주 골프클럽은 1995년 개장 이래 국내 최초로 미국여자프로 골프협회 공…,한라산과 한림바다가 한눈에 들어오는 서귀포시 안덕면에 위치한 캐슬렉스제주 골프클럽은 1995년 개장 이래 국내 최초로 미국여자프로 골프협회 공식 투어인 삼성월드챔피언쉽 여자 골프대회를 유치하는 등 제주를 대표하는 골프클럽으로 인정받고 있다. 구릉지를 이용해 코스를 조성하는 등 자연 지형의 특성을 살려 개성적인 링크스 스타일 골프 코스로 평가받는 캐슬렉스제주 골프클럽의 골프 코스는 제주도 오름 특유의 언듈레이션을 그대로 살려 자연과 절묘한 조화를 이룸으로써 파워와 테크 그리고 부드러움을 요구하는 개성이 강한 골프 코스로 구성되어 있다.,BASE+TOUR,관광지인지 확인(도서관·교회·골프 등),https://map.kakao.com/?q=캐슬렉스제주골프클럽
302,삼신교,,NORTH,FESTIVAL,지역 축제·행사,,제주시 일도2동,33.5048757,126.5315031,제주특별자치도 제주시 일도이동 1498천,,제주시 일도2동에 있는 지역 축제·행사입니다.,제주시 일도2동에 있는 지역 축제·행사입니다.,BASE,설명 기본 문구; 세부설명 없음 → 한 줄 소개로 대체; 사진 없음,https://map.kakao.com/?q=삼신교
303,연동근린공원,,NORTH,NATURE,자연관광지,,제주시 연동,33.4823701,126.4904591,제주특별자치도 제주시 연동 1373-4공,,제주시 연동에 있는 자연관광지입니다.,제주시 연동에 있는 자연관광지입니다.,BASE,설명 기본 문구; 세부설명 없음 → 한 줄 소개로 대체; 사진 없음,https://map.kakao.com/?q=연동근린공원
305,서광서리마을운동장,,WEST,FESTIVAL,지역 축제·행사,,서귀포시 안덕면,33.2947456,126.2971803,제주특별자치도 서귀포시 안덕면 녹차분재로 134,,서귀포시 안덕면에 있는 지역 축제·행사입니다.,서귀포시 안덕면에 있는 지역 축제·행사입니다.,BASE,설명 기본 문구; 세부설명 없음 → 한 줄 소개로 대체; 사진 없음; 관광지인지 확인(도서관·교회·골프 등),https://map.kakao.com/?q=서광서리마을운동장
306,성산일출도서관,,EAST,CULTURE,문화시설,,서귀포시 성산읍,33.4552766,126.9122911,제주특별자치도 서귀포시 성산읍 고성오조로 133,,서귀포시 성산읍에 있는 문화시설입니다.,서귀포시 성산읍에 있는 문화시설입니다.,BASE,설명 기본 문구; 세부설명 없음 → 한 줄 소개로 대체; 사진 없음; 관광지인지 확인(도서관·교회·골프 등),https://map.kakao.com/?q=성산일출도서관
309,천왕사,대한불교조계종천왕사,NORTH,HISTORY,역사·유적·종교 시설,,제주시 노형동,33.4092659,126.4934781,제주특별자치도 제주시 노형동 산 20-18임,https://api.cdn.visitjeju.net/photomng/imgpath/202111/25/269913d5-3512-4270-b0a1-0d8353478e8a.webp,아흔아홉골 자락에 위치한 경관이 좋은 사찰,"아흔아홉 골의 수려한 풍광 속에 들어앉은 천왕사는 한라산 어승생 동쪽에 수많은 봉우리와 골짜기로 이루어진 아흔아홉 골 중 하나인 금봉곡 아래 위치한 사찰이다. 1955년 천왕사 근처 토굴에서 참선수행하던 비룡스님에 의해 수영산 선원이란 명칭으로 처음 창건되었다. 비록 건립된 지 오래되지 않았으나 1994년 전통 사찰로 지정되었다. 대웅전 바로 뒤로는 용바위라 불리는 커다란 바위가 있고, 마당 왼쪽 자락에 기세 좋게 곧게 뻗은 바위가 울창한 숲과 어우러져 절경을 이룬다. 사찰 옆의 냇물을 따라 올라가면 한라산의 유일한 폭포라는 선녀 폭포가 나오고, 사찰 입구에는 약수터가 있다. 특히 가을에 기암절벽 아래 물드는 단풍이 장관으로 알려져 있다.",AI+BASE+VJ+TOUR,AI 후보 '대한불교조계종천왕사'와 연결(이름 다름) → 확인,https://map.kakao.com/?q=천왕사
310,삼일아트리움,,SOUTH,CULTURE,문화시설,EXPERIENCE→CULTURE,서귀포시 정방동,33.2470523,126.5644468,제주특별자치도 서귀포시 이중섭로 11,,서귀포시 정방동에 있는 문화시설입니다.,서귀포시 정방동에 있는 문화시설입니다.,BASE,설명 기본 문구; 세부설명 없음 → 한 줄 소개로 대체; 사진 없음,https://map.kakao.com/?q=삼일아트리움
314,동법사대웅전,,EAST,HISTORY,역사·유적·종교 시설,,제주시 구좌읍,33.536651,126.8275641,제주특별자치도 제주시 구좌읍 한동로1길 14,,제주시 구좌읍에 있는 역사·유적·종교 시설입니다.,제주시 구좌읍에 있는 역사·유적·종교 시설입니다.,BASE,설명 기본 문구; 세부설명 없음 → 한 줄 소개로 대체; 사진 없음,https://map.kakao.com/?q=동법사대웅전
315,서귀포예술의전당대극장,서귀포예술의전당,SOUTH,CULTURE,문화시설,,서귀포시 서홍동,33.2462855,126.5506386,제주특별자치도 서귀포시 태평로 270,https://api.cdn.visitjeju.net/photomng/imgpath/201804/30/b9f02ff9-e369-44a2-8e78-6ad13e256feb.webp,지역 문화예술의 소통을 위해 2014년 개관된 서귀포 예술의전당,지역 문화예술의 소통을 위해 2014년 개관된 서귀포 예술의전당,AI+BASE+VJ+TOUR,AI 후보 '서귀포예술의전당'와 연결(이름 다름) → 확인,https://map.kakao.com/?q=서귀포예술의전당대극장
319,명월리백난아기념관,,WEST,CULTURE,문화시설,EXPERIENCE→CULTURE,제주시 한림읍,33.3884415,126.2647915,제주특별자치도 제주시 한림읍 명월로 48,,제주시 한림읍에 있는 문화시설입니다.,제주시 한림읍에 있는 문화시설입니다.,BASE,설명 기본 문구; 세부설명 없음 → 한 줄 소개로 대체; 사진 없음,https://map.kakao.com/?q=명월리백난아기념관
322,동복해녀해산물직판장,,EAST,HISTORY,역사·유적·종교 시설,,제주시 구좌읍,33.5560347,126.7187189,제주특별자치도 제주시 구좌읍 구좌해안로 35,,제주시 구좌읍에 있는 역사·유적·종교 시설입니다.,제주시 구좌읍에 있는 역사·유적·종교 시설입니다.,BASE,설명 기본 문구; 세부설명 없음 → 한 줄 소개로 대체; 사진 없음; 관광지인지 확인(도서관·교회·골프 등),https://map.kakao.com/?q=동복해녀해산물직판장
325,박물관은살아있다,,SOUTH,CULTURE,문화시설,THEME→CULTURE,서귀포시 예래동,33.2547079,126.4100017,제주특별자치도 서귀포시 중문관광로 42,,서귀포시 예래동에 있는 문화시설입니다.,서귀포시 예래동에 있는 문화시설입니다.,BASE,설명 기본 문구; 세부설명 없음 → 한 줄 소개로 대체; 사진 없음,https://map.kakao.com/?q=박물관은살아있다
326,미래컨벤션센터,,NORTH,COMMERCIAL,상업지구,,제주시 용담1동,33.5066154,126.5144868,제주특별자치도 제주시 남성로 75,,제주시 용담1동에 있는 상업지구입니다.,제주시 용담1동에 있는 상업지구입니다.,BASE,설명 기본 문구; 세부설명 없음 → 한 줄 소개로 대체; 사진 없음; 관광지인지 확인(도서관·교회·골프 등),https://map.kakao.com/?q=미래컨벤션센터
332,고산성당,,WEST,HISTORY,역사·유적·종교 시설,,제주시 한경면,33.3011273,126.1802111,제주특별자치도 제주시 한경면 칠전로 1,,제주시 한경면에 있는 역사·유적·종교 시설입니다.,제주시 한경면에 있는 역사·유적·종교 시설입니다.,BASE,설명 기본 문구; 세부설명 없음 → 한 줄 소개로 대체; 사진 없음,https://map.kakao.com/?q=고산성당
333,핀크스비오토피아,,WEST,HISTORY,역사·유적·종교 시설,,서귀포시 안덕면,33.300149,126.3953908,제주특별자치도 서귀포시 안덕면 산록남로762번길 79,,서귀포시 안덕면에 있는 역사·유적·종교 시설입니다.,서귀포시 안덕면에 있는 역사·유적·종교 시설입니다.,BASE,설명 기본 문구; 세부설명 없음 → 한 줄 소개로 대체; 사진 없음,https://map.kakao.com/?q=핀크스비오토피아
335,석부작박물관,,SOUTH,CULTURE,문화시설,THEME→CULTURE,서귀포시 대륜동,33.2507852,126.5363549,제주특별자치도 서귀포시 일주동로 8941,,서귀포시 대륜동에 있는 문화시설입니다.,서귀포시 대륜동에 있는 문화시설입니다.,BASE,설명 기본 문구; 세부설명 없음 → 한 줄 소개로 대체; 사진 없음,https://map.kakao.com/?q=석부작박물관
336,제주동문재래시장,,SOUTH,COMMERCIAL,상업지구,,서귀포시 남원읍,33.299272,126.6811094,제주특별자치도 서귀포시 남원읍 중산간동로 6596-3,,서귀포시 남원읍에 있는 상업지구입니다.,서귀포시 남원읍에 있는 상업지구입니다.,BASE,확인필요: 같은 이름이 27.7km 떨어진 곳에 또 있음(678번) → 틀린 쪽은 exclude=Y; 설명 기본 문구; 세부설명 없음 → 한 줄 소개로 대체; 사진 없음,https://map.kakao.com/?q=제주동문재래시장
338,핀크스골프클럽,,WEST,LEISURE,레저·스포츠 관련 시설,CULTURE→LEISURE,서귀포시 안덕면,33.316211,126.3951133,제주특별자치도 서귀포시 안덕면 산록남로 863,https://api.cdn.visitjeju.net/photomng/imgpath/201804/30/e64fc6a8-98ff-438a-8d98-16483cddd87c.webp,한국 골프장을 대표하는 세계적인 골프장,한국 골프장을 대표하는 세계적인 골프장,BASE+VJ,관광지인지 확인(도서관·교회·골프 등),https://map.kakao.com/?q=핀크스골프클럽
340,DYIVEOCEANO,,WEST,LEISURE,레저·스포츠 관련 시설,,제주시 애월읍,33.4725108,126.3504549,제주특별자치도 제주시 애월읍 애월해안로 394,,제주시 애월읍에 있는 레저·스포츠 관련 시설입니다.,제주시 애월읍에 있는 레저·스포츠 관련 시설입니다.,BASE,설명 기본 문구; 세부설명 없음 → 한 줄 소개로 대체; 사진 없음,https://map.kakao.com/?q=DYIVEOCEANO
342,드르쿰다성산스튜디오,,EAST,EXPERIENCE,체험 활동 관광지,,서귀포시 성산읍,33.4445124,126.9190859,제주특별자치도 서귀포시 성산읍 섭지코지로25번길 64,,서귀포시 성산읍에 있는 체험 활동 관광지입니다.,서귀포시 성산읍에 있는 체험 활동 관광지입니다.,BASE,설명 기본 문구; 세부설명 없음 → 한 줄 소개로 대체; 사진 없음; 관광지인지 확인(도서관·교회·골프 등),https://map.kakao.com/?q=드르쿰다성산스튜디오
343,한수풀도서관,,WEST,CULTURE,문화시설,,제주시 한림읍,33.420322,126.268489,제주특별자치도 제주시 한림읍 한림상로 240-11,https://api.cdn.visitjeju.net/photomng/imgpath/201812/20/13b9add0-2a33-4736-bd66-6fa5693ba398.webp,핸드메이드 소품들을 판매하고 있는 아기자기한 소품 숍,핸드메이드 소품들을 판매하고 있는 아기자기한 소품 숍,BASE+VJ+TOUR,관광지인지 확인(도서관·교회·골프 등),https://map.kakao.com/?q=한수풀도서관
348,퍼시픽랜드,,SOUTH,THEME,테마시설,LEISURE→THEME,서귀포시 예래동,33.2441856,126.4172212,제주특별자치도 서귀포시 중문관광로 154-17,https://tong.visitkorea.or.kr/cms/resource/60/2587960_image2_1.bmp,"퍼시픽 리솜은 호반그룹의 레저계열사로 중문의 아름다운 해변길에, 드넓은 남태평양의 바다 위에 자리한 해양문화 복합공간이다.","퍼시픽 리솜은 호반그룹의 레저계열사로 중문의 아름다운 해변길에, 드넓은 남태평양의 바다 위에 자리한 해양문화 복합공간이다. 남녀노소 즐길 수 있는 선진국형 해양레포츠 요트 마리나 프로그램과 함께 특급 호텔 출신의 셰프가 준비하는 신선하고 맛있는 씨푸드 다이닝, 이국적인 정경에서 누리는 각종 문화이벤트가 펼쳐지는 공간이다. 요트에서 바라보는 경이로운 바다, 제주의 신선한 해산물로 정성스럽게 만들어 내는 맛있는 요리와 함께 바다를 즐기는 다채로운 방법을 만날 수 있다.",BASE+TOUR,TourAPI 이름 다름(퍼시픽 리솜),https://map.kakao.com/?q=퍼시픽랜드
352,아뮤제,,NORTH,CULTURE,문화시설,,제주시 삼도2동,33.5128497,126.521942,제주특별자치도 제주시 관덕로 26,,제주시 삼도2동에 있는 문화시설입니다.,제주시 삼도2동에 있는 문화시설입니다.,BASE,설명 기본 문구; 세부설명 없음 → 한 줄 소개로 대체; 사진 없음,https://map.kakao.com/?q=아뮤제
353,안덕산방도서관,,WEST,CULTURE,문화시설,,서귀포시 안덕면,33.2549332,126.3306741,제주특별자치도 서귀포시 안덕면 화순리 1963 대,,서귀포시 안덕면에 있는 문화시설입니다.,서귀포시 안덕면에 있는 문화시설입니다.,BASE,설명 기본 문구; 세부설명 없음 → 한 줄 소개로 대체; 사진 없음; 관광지인지 확인(도서관·교회·골프 등),https://map.kakao.com/?q=안덕산방도서관
356,마미포유,,NORTH,COMMERCIAL,상업지구,,제주시 노형동,33.4508085,126.4529594,제주특별자치도 제주시 해안마을서4길 131,,제주시 노형동에 있는 상업지구입니다.,제주시 노형동에 있는 상업지구입니다.,BASE,설명 기본 문구; 세부설명 없음 → 한 줄 소개로 대체; 사진 없음,https://map.kakao.com/?q=마미포유
359,넓은목장,,EAST,EXPERIENCE,체험 활동 관광지,TRAIL→EXPERIENCE,서귀포시 표선면,33.4238323,126.7682184,제주특별자치도 서귀포시 표선면 성읍이리로57번길 162,,서귀포시 표선면에 있는 체험 활동 관광지입니다.,서귀포시 표선면에 있는 체험 활동 관광지입니다.,BASE,설명 기본 문구; 세부설명 없음 → 한 줄 소개로 대체; 사진 없음,https://map.kakao.com/?q=넓은목장
360,귤한가,,WEST,COMMERCIAL,상업지구,,제주시 한림읍,33.3884546,126.2630733,제주특별자치도 제주시 한림읍 명월성로 234-1,,제주시 한림읍에 있는 상업지구입니다.,제주시 한림읍에 있는 상업지구입니다.,BASE,설명 기본 문구; 세부설명 없음 → 한 줄 소개로 대체; 사진 없음,https://map.kakao.com/?q=귤한가
362,신천목,,EAST,NATURE,자연관광지,,서귀포시 성산읍,33.3560159,126.8637294,제주특별자치도 서귀포시 성산읍 일주동로 5417,,서귀포시 성산읍에 있는 자연관광지입니다.,서귀포시 성산읍에 있는 자연관광지입니다.,BASE,설명 기본 문구; 세부설명 없음 → 한 줄 소개로 대체; 사진 없음,https://map.kakao.com/?q=신천목
363,제주시산림조합가든센터,,NORTH,THEME,테마시설,COMMERCIAL→THEME,제주시 오라동,33.4702909,126.5134041,제주특별자치도 제주시 오남로 288,,제주시 오라동에 있는 테마시설입니다.,제주시 오라동에 있는 테마시설입니다.,BASE,설명 기본 문구; 세부설명 없음 → 한 줄 소개로 대체; 사진 없음; 관광지인지 확인(도서관·교회·골프 등),https://map.kakao.com/?q=제주시산림조합가든센터
371,제주목관아관덕정,제주목 관아,NORTH,HISTORY,역사·유적·종교 시설,,제주시 삼도2동,33.5133517,126.5214691,제주특별자치도 제주시 관덕로 19,https://api.cdn.visitjeju.net/photomng/imgpath/201908/16/3752d151-dad4-4199-8227-0e5d96e56d8e.webp,국가지정 보물 제 322호로 제주에 현존하는 건물 중 가장 오래된 건물 · 제주시 삼도2동 · 보물 제322호 · 올레17코스 · 4·3 유적지,"국가지정 보물 제 322호로 제주에 현존하는 건물 중 가장 오래된 건물
· 제주시 삼도2동
· 보물 제322호
· 올레17코스
· 4·3 유적지",AI+BASE+VJ+TOUR,AI 후보 '제주목 관아'와 연결(이름 다름) → 확인,https://map.kakao.com/?q=제주목관아관덕정
376,카페글래콘,,EAST,EXPERIENCE,체험 활동 관광지,,제주시 구좌읍,33.4334959,126.7334058,제주특별자치도 제주시 구좌읍 비자림로 1202,,제주시 구좌읍에 있는 체험 활동 관광지입니다.,제주시 구좌읍에 있는 체험 활동 관광지입니다.,BASE,설명 기본 문구; 세부설명 없음 → 한 줄 소개로 대체; 사진 없음,https://map.kakao.com/?q=카페글래콘
378,방귤당,,SOUTH,EXPERIENCE,체험 활동 관광지,,서귀포시 효돈동,33.2565184,126.6217423,제주특별자치도 서귀포시 효돈순환로 217-8,,서귀포시 효돈동에 있는 체험 활동 관광지입니다.,서귀포시 효돈동에 있는 체험 활동 관광지입니다.,BASE,설명 기본 문구; 세부설명 없음 → 한 줄 소개로 대체; 사진 없음,https://map.kakao.com/?q=방귤당
385,제주스카이관광랜드(주)폴리파크,,WEST,THEME,테마시설,EXPERIENCE→THEME,제주시 애월읍,33.3877229,126.3748101,제주특별자치도 제주시 애월읍 산록서로 18,,제주시 애월읍에 있는 테마시설입니다.,제주시 애월읍에 있는 테마시설입니다.,BASE,설명 기본 문구; 세부설명 없음 → 한 줄 소개로 대체; 사진 없음,https://map.kakao.com/?q=제주스카이관광랜드(주)폴리파크
389,헤이서귀포,,SOUTH,EXPERIENCE,체험 활동 관광지,,서귀포시 정방동,33.2461935,126.560088,제주특별자치도 서귀포시 태평로 363,https://api.cdn.visitjeju.net/photomng/imgpath/201804/30/51fa1314-f59a-4f33-916e-855f4113cf13.webp,문섬과 새끼섬을 바라보며 새연교를 따라 걷는 아름다운 산책,문섬과 새끼섬을 바라보며 새연교를 따라 걷는 아름다운 산책,BASE+VJ+TOUR,비짓제주 이름 다름(서귀포항); TourAPI 이름 다름(아이더 서귀포점),https://map.kakao.com/?q=헤이서귀포
401,제주문화원제주해변공연장,,NORTH,CULTURE,문화시설,NATURE→CULTURE,제주시 삼도2동,33.5179034,126.5241959,제주특별자치도 제주시 중앙로 2,https://api.cdn.visitjeju.net/photomng/imgpath/202112/09/07a05c85-0944-4307-9954-6c00ad5bd7b8.webp,제주시 탑동에 위치한 해변공연장,제주시 탑동에 위치한 해변공연장,BASE+VJ+TOUR,비짓제주 이름 다름(제주 탑동해변공연장),https://map.kakao.com/?q=제주문화원제주해변공연장
403,쇠소깍농수산물직판장,쇠소깍,SOUTH,HISTORY,역사·유적·종교 시설,,서귀포시 하효동,33.2520909,126.6229523,제주특별자치도 서귀포시 쇠소깍로 128,https://api.cdn.visitjeju.net/photomng/imgpath/202410/16/a8784094-08b6-4e9e-acf2-d86ab445dda5.webp,"제주올레 5코스의 끝이자 6코스의 시작으로, 바닷물과 민물이 만나는 비밀스러운 계곡","제주올레 5코스의 끝이자 6코스의 시작으로, 바닷물과 민물이 만나는 비밀스러운 계곡",AI+BASE+VJ+TOUR,AI 후보 '쇠소깍'와 연결(이름 다름) → 확인; 관광지인지 확인(도서관·교회·골프 등),https://map.kakao.com/?q=쇠소깍농수산물직판장
405,J1카트클럽,,NORTH,LEISURE,레저·스포츠 관련 시설,,제주시 이도2동,33.4797943,126.526551,제주특별자치도 제주시 연북로 424,,제주시 이도2동에 있는 레저·스포츠 관련 시설입니다.,제주시 이도2동에 있는 레저·스포츠 관련 시설입니다.,BASE,설명 기본 문구; 세부설명 없음 → 한 줄 소개로 대체; 사진 없음,https://map.kakao.com/?q=J1카트클럽
411,서귀포시국민체육센터서부도서관,,SOUTH,CULTURE,문화시설,LEISURE→CULTURE,서귀포시 중문동,33.2507928,126.432026,제주특별자치도 서귀포시 중문관광로 346,,서귀포시 중문동에 있는 문화시설입니다.,서귀포시 중문동에 있는 문화시설입니다.,BASE,설명 기본 문구; 세부설명 없음 → 한 줄 소개로 대체; 사진 없음; 관광지인지 확인(도서관·교회·골프 등),https://map.kakao.com/?q=서귀포시국민체육센터서부도서관
420,법환항,,SOUTH,NATURE,자연관광지,,서귀포시 대륜동,33.236558,126.5162757,제주특별자치도 서귀포시 법환동 286-4 제,,서귀포시 대륜동에 있는 자연관광지입니다.,서귀포시 대륜동에 있는 자연관광지입니다.,BASE,설명 기본 문구; 세부설명 없음 → 한 줄 소개로 대체; 사진 없음,https://map.kakao.com/?q=법환항
421,애월온기,,WEST,NATURE,자연관광지,,제주시 애월읍,33.4599777,126.3112312,제주특별자치도 제주시 애월읍 애월로 11,,제주시 애월읍에 있는 자연관광지입니다.,제주시 애월읍에 있는 자연관광지입니다.,BASE,설명 기본 문구; 세부설명 없음 → 한 줄 소개로 대체; 사진 없음,https://map.kakao.com/?q=애월온기
422,맥파이브루영캠퍼니,,NORTH,EXPERIENCE,체험 활동 관광지,,제주시 봉개동,33.5031722,126.6172746,제주특별자치도 제주시 동회천1길 23,https://tong.visitkorea.or.kr/cms/resource/88/3396588_image2_1.jpg,경리단길 골목서 동네 친구 4명이 맥주를 마시다 시작하게 된 사업이 바로 맥파이 브루잉 컴퍼니이다.,"경리단길 골목서 동네 친구 4명이 맥주를 마시다 시작하게 된 사업이 바로 맥파이 브루잉 컴퍼니이다. 피맥집으로도 유명한 맥파이는 물 좋고 공기 좋은 제주도에 양조장을 두고 있다. 맥파이 제주 양조장투어는 예약 없이도 가능하나, 인원이 많다면 사전 예약을 추천한다. 예약은 이메일과 전화로 접수할 수 있다. 또한 시간대별로 총 4번 주말에만 투어가 가능하니 참고하자. 이곳에서는 맥주가 만들어지는 모든 과정을 처음부터 끝까지 직접 확인할 수 있으며, 투어를 위해 따로 마련된 전시장이 아니기 때문에 양조설비 사이를 직접 돌아보며 설명을 듣고 질문을 할 수 있다. 1인당 지급하는 참가비에는 투어를 포함해 맥주 한 잔 가격이 포함되어 있다. 현장결제만 가능하며, 만 8세 미만의 아동은 입장이 불가하다. 이밖에도 수제 맥주에 관한 다양한 교육 프로그램을 진행하고 있다. 맥주뿐만 아니라 맥주에 담긴 문화를 함께 나눌 수 있는 프로그램도 제공하고 있어 맥주를 좋아하는 사람들에게 인기 있는 양조장이다. 탑동에 맥파이 펍이 있으니 서귀포까지 가는 길이 멀다면 가까운 시내에서 간단하게 맥파이 맥주를 한 잔 즐겨보자.

(출처 :제주 문화관광 홈페이지)",BASE+TOUR,TourAPI 이름 다름(맥파이 브루어리),https://map.kakao.com/?q=맥파이브루영캠퍼니
424,대유랜드,,SOUTH,THEME,테마시설,LEISURE→THEME,서귀포시 예래동,33.2756474,126.3932686,제주특별자치도 서귀포시 상예로 381,,서귀포시 예래동에 있는 테마시설입니다.,서귀포시 예래동에 있는 테마시설입니다.,BASE,설명 기본 문구; 세부설명 없음 → 한 줄 소개로 대체; 사진 없음,https://map.kakao.com/?q=대유랜드
427,제주참솣가마,,EAST,THEME,테마시설,,서귀포시 성산읍,33.3689841,126.8633083,제주특별자치도 서귀포시 성산읍 삼달로 47,,서귀포시 성산읍에 있는 테마시설입니다.,서귀포시 성산읍에 있는 테마시설입니다.,BASE,설명 기본 문구; 세부설명 없음 → 한 줄 소개로 대체; 사진 없음,https://map.kakao.com/?q=제주참솣가마
433,김창열미술관,제주도립김창열미술관,WEST,CULTURE,문화시설,,제주시 한림읍,33.3390713,126.2686718,제주특별자치도 제주시 한림읍 용금로 883-5,https://api.cdn.visitjeju.net/photomng/imgpath/202508/14/4617b75d-2499-4829-9c7e-509e140ef2a4.webp,물방울 화가로 불리는 김창열화백의 업적과 정신을 기리기 위해 설립한 제주도립 미술관,물방울 화가로 불리는 김창열화백의 업적과 정신을 기리기 위해 설립한 제주도립 미술관,AI+BASE+VJ+TOUR,AI 후보 '제주도립김창열미술관'와 연결(이름 다름) → 확인,https://map.kakao.com/?q=김창열미술관
444,동암사,,EAST,HISTORY,역사·유적·종교 시설,,서귀포시 성산읍,33.4617167,126.9359293,제주특별자치도 서귀포시 성산읍 일출로 284-10,,서귀포시 성산읍에 있는 역사·유적·종교 시설입니다.,서귀포시 성산읍에 있는 역사·유적·종교 시설입니다.,BASE,설명 기본 문구; 세부설명 없음 → 한 줄 소개로 대체; 사진 없음,https://map.kakao.com/?q=동암사
445,동홍교회,,SOUTH,HISTORY,역사·유적·종교 시설,,서귀포시 동홍동,33.2595945,126.5640992,제주특별자치도 서귀포시 동홍로109번길 48,,서귀포시 동홍동에 있는 역사·유적·종교 시설입니다.,서귀포시 동홍동에 있는 역사·유적·종교 시설입니다.,BASE,설명 기본 문구; 세부설명 없음 → 한 줄 소개로 대체; 사진 없음; 관광지인지 확인(도서관·교회·골프 등),https://map.kakao.com/?q=동홍교회
447,탐라신화공원,,EAST,NATURE,자연관광지,,제주시 조천읍,33.4637422,126.709486,제주특별자치도 제주시 조천읍 선흘리 1818-7 잡,,제주시 조천읍에 있는 자연관광지입니다.,제주시 조천읍에 있는 자연관광지입니다.,BASE,설명 기본 문구; 세부설명 없음 → 한 줄 소개로 대체; 사진 없음,https://map.kakao.com/?q=탐라신화공원
448,대비공원,,EAST,NATURE,자연관광지,,제주시 구좌읍,33.4319298,126.7481621,제주특별자치도 제주시 구좌읍 송당리 산 274임,,제주시 구좌읍에 있는 자연관광지입니다.,제주시 구좌읍에 있는 자연관광지입니다.,BASE,설명 기본 문구; 세부설명 없음 → 한 줄 소개로 대체; 사진 없음,https://map.kakao.com/?q=대비공원
450,신사수포구,,NORTH,NATURE,자연관광지,,제주시 도두동,33.5097929,126.4789798,제주특별자치도 제주시 도두이동 836-7잡,,제주시 도두동에 있는 자연관광지입니다.,제주시 도두동에 있는 자연관광지입니다.,BASE,설명 기본 문구; 세부설명 없음 → 한 줄 소개로 대체; 사진 없음,https://map.kakao.com/?q=신사수포구
451,부림온천,,NORTH,THEME,테마시설,,제주시 연동,33.4758622,126.4911235,제주특별자치도 제주시 과원로 70,,제주시 연동에 있는 테마시설입니다.,제주시 연동에 있는 테마시설입니다.,BASE,설명 기본 문구; 세부설명 없음 → 한 줄 소개로 대체; 사진 없음,https://map.kakao.com/?q=부림온천
452,제주맥주,,WEST,EXPERIENCE,체험 활동 관광지,,제주시 한림읍,33.3584744,126.2412156,제주특별자치도 제주시 한림읍 금능농공길 62-11,,제주맥주는 30년 양조 노하우를 보유한 뉴욕 No.1 크래프트 맥주사 브루클린 브루어리와 15년 이상 경력의 세계 반열 브루어가 참여하여 탄생…,"제주맥주는 30년 양조 노하우를 보유한 뉴욕 No.1 크래프트 맥주사 브루클린 브루어리와 15년 이상 경력의 세계 반열 브루어가 참여하여 탄생한 양조장이다. 좋은 맥주로 맥주 미식 문화를 창조하는 것을 목표로 하고 있다. 국내 최고 양조 시설을 갖추고 있으며, 도슨트의 안내에 따라 체험 및 내부 시설 관람을 할 수 있는 투어 프로그램을 운영하고 있다.",BASE+TOUR,사진 없음,https://map.kakao.com/?q=제주맥주
454,한림바다체험마을,,WEST,EXPERIENCE,체험 활동 관광지,,제주시 한림읍,33.4197436,126.2627828,제주특별자치도 제주시 한림읍 한림해안로 200,https://api.cdn.visitjeju.net/photomng/imgpath/201808/20/23b8b3bd-b129-49a9-915a-25c04bc3cc31.webp,대나무 낚시를 이용한 제주 전통 테우낚시체험과 조간대체험을 할 수 있는 아이들을 위한 최적의 바다체험 교육.,대나무 낚시를 이용한 제주 전통 테우낚시체험과 조간대체험을 할 수 있는 아이들을 위한 최적의 바다체험 교육.,BASE+VJ+TOUR,TourAPI 이름 다름(올레바당체험마을),https://map.kakao.com/?q=한림바다체험마을
457,천백고지휴게소,,SOUTH,THEME,테마시설,,서귀포시 예래동,33.3577838,126.4624306,제주특별자치도 서귀포시 1100로 1555,,서귀포시 예래동에 있는 테마시설입니다.,서귀포시 예래동에 있는 테마시설입니다.,BASE,설명 기본 문구; 세부설명 없음 → 한 줄 소개로 대체; 사진 없음; 관광지인지 확인(도서관·교회·골프 등),https://map.kakao.com/?q=천백고지휴게소
458,기후변화홍보관,,WEST,NATURE,자연관광지,,서귀포시 안덕면,33.2333299,126.3130961,제주특별자치도 서귀포시 안덕면 사계남로216번길 24-34,,서귀포시 안덕면에 있는 자연관광지입니다.,서귀포시 안덕면에 있는 자연관광지입니다.,BASE,설명 기본 문구; 세부설명 없음 → 한 줄 소개로 대체; 사진 없음,https://map.kakao.com/?q=기후변화홍보관
459,무병장수테마파크제주힐링명상센터,,WEST,THEME,테마시설,,제주시 애월읍,33.3955055,126.36124,제주특별자치도 제주시 애월읍 어음13길 196,,제주시 애월읍에 있는 테마시설입니다.,제주시 애월읍에 있는 테마시설입니다.,BASE,설명 기본 문구; 세부설명 없음 → 한 줄 소개로 대체; 사진 없음; 관광지인지 확인(도서관·교회·골프 등),https://map.kakao.com/?q=무병장수테마파크제주힐링명상센터
465,동광해바른작은도서관,,WEST,CULTURE,문화시설,,서귀포시 안덕면,33.3049839,126.3382545,제주특별자치도 서귀포시 안덕면 동광리 1590잡,,서귀포시 안덕면에 있는 문화시설입니다.,서귀포시 안덕면에 있는 문화시설입니다.,BASE,설명 기본 문구; 세부설명 없음 → 한 줄 소개로 대체; 사진 없음; 관광지인지 확인(도서관·교회·골프 등),https://map.kakao.com/?q=동광해바른작은도서관
469,조은승마장,,WEST,EXPERIENCE,체험 활동 관광지,,서귀포시 안덕면,33.3182965,126.345127,제주특별자치도 서귀포시 안덕면 동광로 265-14,https://api.cdn.visitjeju.net/photomng/imgpath/201804/30/960ce628-6127-4983-aa84-bac4d97fbd89.webp,전통이 깊은 승마장,전통이 깊은 승마장,BASE+VJ,비짓제주 이름 다름(한라승마장),https://map.kakao.com/?q=조은승마장
475,연동리슈빌디에스,,NORTH,LEISURE,레저·스포츠 관련 시설,,제주시 연동,33.4862375,126.4914878,제주특별자치도 제주시 노연로 103,,제주시 연동에 있는 레저·스포츠 관련 시설입니다.,제주시 연동에 있는 레저·스포츠 관련 시설입니다.,BASE,설명 기본 문구; 세부설명 없음 → 한 줄 소개로 대체; 사진 없음,https://map.kakao.com/?q=연동리슈빌디에스
476,어영소공원,어영공원,NORTH,NATURE,자연관광지,,제주시 용담삼동,33.5182975,126.4874973,제주특별자치도 제주시 서해안로 451,https://api.cdn.visitjeju.net/photomng/imgpath/201812/19/9dc37ee4-cfd0-4f06-b344-664d79670147.webp,용담이호해안도로에 조성된 공원이자 쉼터,용담이호해안도로에 조성된 공원이자 쉼터,AI+BASE+VJ+TOUR,AI 후보 '어영공원'와 연결(이름 다름) → 확인,https://map.kakao.com/?q=어영소공원
483,제주컨트리클럽,,NORTH,LEISURE,레저·스포츠 관련 시설,,제주시 아라동,33.4275854,126.576201,제주특별자치도 제주시 영평동 2258-29 체,,제주시 아라동에 있는 레저·스포츠 관련 시설입니다.,제주시 아라동에 있는 레저·스포츠 관련 시설입니다.,BASE,설명 기본 문구; 세부설명 없음 → 한 줄 소개로 대체; 사진 없음,https://map.kakao.com/?q=제주컨트리클럽
485,한라산 성판악탐방안내소,,EAST,NATURE,자연관광지,,제주시 조천읍,33.3849696,126.6191542,제주특별자치도 제주시 조천읍 516로 1865,https://tong.visitkorea.or.kr/cms/resource/04/3077604_image2_1.jpg,성판악은 한라산 국립공원의 성판악 등산로 주변에 위치하는 오름으로 한라산 동쪽 산록에서 가장 규모가 큰 단성화산이다.,"성판악은 한라산 국립공원의 성판악 등산로 주변에 위치하는 오름으로 한라산 동쪽 산록에서 가장 규모가 큰 단성화산이다. 단성화산은 일회의 분화 활동을 통해 형성되는 소형 화산체로서 제주에서는 오름으로 불린다. 성판악이라는 명칭은 산 중턱에 암벽이 널 모양으로 둘려 있는 것이 성벽처럼 보여 성널오름 또는 한자어로 성판악이라고 하게 됐다. 성판악은 전체가 삼림으로 덮여있으며 주변으로 성널계곡 등 크고 깊은 계곡이 발달해 있다. 제주시와 서귀포시를 잇는 5·16 도로의 중간 지점 가장 높은 곳에 성판악 휴게소가 있는데, 이곳은 한라산으로 오르는 등산로 중이 하나로 성판악이 시작되는 곳이다. 한라산 동쪽 코스인 성판악탐방로는 관음사탐방로와 더불어 한라산 정상인 백록담을 오를 수 있는 탐방로이며 한라산탐방로 중 가장 긴 코스이다. 정상까지 대체로 완만한 경사를 이루지만 왕복 9시간 정도 소요되기 때문에 체력 안배에 신경을 써야 한다. 성판악탐방로는 한라산탐방로 예약시스템에서 사전예약을 해야 탐방이 가능하다.",BASE+TOUR,관광지인지 확인(도서관·교회·골프 등),https://map.kakao.com/?q=한라산 성판악탐방안내소
490,젬쇼,,EAST,LEISURE,레저·스포츠 관련 시설,,제주시 조천읍,33.4867677,126.7068936,제주특별자치도 제주시 조천읍 선교로 115-1,,제주시 조천읍에 있는 레저·스포츠 관련 시설입니다.,제주시 조천읍에 있는 레저·스포츠 관련 시설입니다.,BASE,설명 기본 문구; 세부설명 없음 → 한 줄 소개로 대체; 사진 없음,https://map.kakao.com/?q=젬쇼
491,부영컨트리클럽,,SOUTH,LEISURE,레저·스포츠 관련 시설,,서귀포시 남원읍,33.3659208,126.7059874,제주특별자치도 서귀포시 남원읍 수망리 1117-2 목,,서귀포시 남원읍에 있는 레저·스포츠 관련 시설입니다.,서귀포시 남원읍에 있는 레저·스포츠 관련 시설입니다.,BASE,설명 기본 문구; 세부설명 없음 → 한 줄 소개로 대체; 사진 없음,https://map.kakao.com/?q=부영컨트리클럽
493,중문오프로드체험장,,SOUTH,EXPERIENCE,체험 활동 관광지,,서귀포시 예래동,33.2758463,126.3968639,제주특별자치도 서귀포시 상예로 349,https://api.cdn.visitjeju.net/photomng/imgpath/202306/20/6a03454d-84a8-4503-810c-bcf9ee04968c.webp,중문 숲속을 거닐며 즐기는 승마체험,중문 숲속을 거닐며 즐기는 승마체험,BASE+VJ+TOUR,비짓제주 이름 다름(중문승마체험장),https://map.kakao.com/?q=중문오프로드체험장
494,연화차,,EAST,EXPERIENCE,체험 활동 관광지,,제주시 조천읍,33.4875769,126.7147714,제주특별자치도 제주시 조천읍 선교로 46,,제주시 조천읍에 있는 체험 활동 관광지입니다.,제주시 조천읍에 있는 체험 활동 관광지입니다.,BASE,설명 기본 문구; 세부설명 없음 → 한 줄 소개로 대체; 사진 없음,https://map.kakao.com/?q=연화차
498,김녕항수산문화센터,,EAST,CULTURE,문화시설,,제주시 구좌읍,33.5582014,126.7404223,제주특별자치도 제주시 구좌읍 김녕항1길 50-11,https://api.cdn.visitjeju.net/photomng/imgpath/201804/30/0c0ca26a-95bd-49c8-96de-7ac8c2ddb2d2.webp,요트를 타고 푸른 제주 바다의 물살을 가르며 달리다,요트를 타고 푸른 제주 바다의 물살을 가르며 달리다,BASE+VJ+TOUR,관광지인지 확인(도서관·교회·골프 등),https://map.kakao.com/?q=김녕항수산문화센터
499,아름다운집연우네,,NORTH,EXPERIENCE,체험 활동 관광지,,제주시 노형동,33.4667272,126.4875346,제주특별자치도 제주시 은수길 110,,제주시 노형동에 있는 체험 활동 관광지입니다.,제주시 노형동에 있는 체험 활동 관광지입니다.,BASE,설명 기본 문구; 세부설명 없음 → 한 줄 소개로 대체; 사진 없음,https://map.kakao.com/?q=아름다운집연우네
506,제우농장,,EAST,EXPERIENCE,체험 활동 관광지,TRAIL→EXPERIENCE,제주시 구좌읍,33.4336731,126.7332423,제주특별자치도 제주시 구좌읍 비자림로 1202,,제주시 구좌읍에 있는 체험 활동 관광지입니다.,제주시 구좌읍에 있는 체험 활동 관광지입니다.,BASE,설명 기본 문구; 세부설명 없음 → 한 줄 소개로 대체; 사진 없음,https://map.kakao.com/?q=제우농장
507,누하스 세컨드하우스,,NORTH,CULTURE,문화시설,,제주시 삼도2동,33.5170637,126.5228661,제주특별자치도 제주시 탑동로 17,,제주시 삼도2동에 있는 문화시설입니다.,제주시 삼도2동에 있는 문화시설입니다.,BASE,설명 기본 문구; 세부설명 없음 → 한 줄 소개로 대체; 사진 없음,https://map.kakao.com/?q=누하스 세컨드하우스
513,삼양감수탕,,NORTH,NATURE,자연관광지,,제주시 삼양동,33.5256675,126.5839207,제주특별자치도 제주시 감수북길 41,,제주시 삼양동에 있는 자연관광지입니다.,제주시 삼양동에 있는 자연관광지입니다.,BASE,설명 기본 문구; 세부설명 없음 → 한 줄 소개로 대체; 사진 없음,https://map.kakao.com/?q=삼양감수탕
515,행원환해장성,,EAST,HISTORY,역사·유적·종교 시설,,제주시 구좌읍,33.5581134,126.8261478,제주특별자치도 제주시 구좌읍 행원리 80-5,https://api.cdn.visitjeju.net/photomng/imgpath/201804/30/d7c81e3b-977d-4c95-bcf6-9f5c0bd19575.webp,아름다운 동쪽 해안길을 걸으며 역사를 되짚어보다,아름다운 동쪽 해안길을 걸으며 역사를 되짚어보다,BASE+VJ,비짓제주 이름 다름(한동환해장성),https://map.kakao.com/?q=행원환해장성
517,번개과학체험관GAME,,SOUTH,EXPERIENCE,체험 활동 관광지,LEISURE→EXPERIENCE,서귀포시 영천동,33.2895183,126.5888282,제주특별자치도 서귀포시 토평공단로 78-27,,서귀포시 영천동에 있는 체험 활동 관광지입니다.,서귀포시 영천동에 있는 체험 활동 관광지입니다.,BASE,설명 기본 문구; 세부설명 없음 → 한 줄 소개로 대체; 사진 없음,https://map.kakao.com/?q=번개과학체험관GAME
520,북수구광장,,NORTH,FESTIVAL,지역 축제·행사,,제주시 일도1동,33.5144994,126.5278897,제주특별자치도 제주시 일도일동 1231-1 공,,제주시 일도1동에 있는 지역 축제·행사입니다.,제주시 일도1동에 있는 지역 축제·행사입니다.,BASE,설명 기본 문구; 세부설명 없음 → 한 줄 소개로 대체; 사진 없음,https://map.kakao.com/?q=북수구광장
522,남제주강병대교회,,WEST,HISTORY,역사·유적·종교 시설,TRAIL→HISTORY,서귀포시 대정읍,33.2267086,126.2576949,제주특별자치도 서귀포시 대정읍 상모리 3846종,https://api.cdn.visitjeju.net/photomng/imgpath/201804/30/ee642f9e-b7a6-4a80-97c5-6b7c9e6d8014.webp,우리나라에서 가장 오래된 군인 교회,우리나라에서 가장 오래된 군인 교회,BASE+VJ,관광지인지 확인(도서관·교회·골프 등),https://map.kakao.com/?q=남제주강병대교회
523,월정에비뉴,,EAST,TRAIL,산책로·둘레길,,제주시 구좌읍,33.5545543,126.7986908,제주특별자치도 제주시 구좌읍 해맞이해안로 486,,제주시 구좌읍에 있는 산책로·둘레길입니다.,제주시 구좌읍에 있는 산책로·둘레길입니다.,BASE,설명 기본 문구; 세부설명 없음 → 한 줄 소개로 대체; 사진 없음,https://map.kakao.com/?q=월정에비뉴
525,더아페,,WEST,COMMERCIAL,상업지구,,서귀포시 대정읍,33.2794051,126.2761633,제주특별자치도 서귀포시 대정읍 글로벌에듀로 396,,서귀포시 대정읍에 있는 상업지구입니다.,서귀포시 대정읍에 있는 상업지구입니다.,BASE,설명 기본 문구; 세부설명 없음 → 한 줄 소개로 대체; 사진 없음,https://map.kakao.com/?q=더아페
534,자파리하우스,,WEST,COMMERCIAL,상업지구,,제주시 애월읍,33.4190698,126.4015808,제주특별자치도 제주시 애월읍 하소로 769-58,,제주시 애월읍에 있는 상업지구입니다.,제주시 애월읍에 있는 상업지구입니다.,BASE,설명 기본 문구; 세부설명 없음 → 한 줄 소개로 대체; 사진 없음,https://map.kakao.com/?q=자파리하우스
550,한라도서관,,NORTH,CULTURE,문화시설,,제주시 오라동,33.4762014,126.5162735,제주특별자치도 제주시 오남로 221,,제주시 오라동에 있는 문화시설입니다.,제주시 오라동에 있는 문화시설입니다.,BASE,설명 기본 문구; 세부설명 없음 → 한 줄 소개로 대체; 사진 없음; 관광지인지 확인(도서관·교회·골프 등),https://map.kakao.com/?q=한라도서관
554,THESIGNATURE,,EAST,COMMERCIAL,상업지구,,제주시 조천읍,33.5425095,126.6689593,제주특별자치도 제주시 조천읍 조함해안로 526,,제주시 조천읍에 있는 상업지구입니다.,제주시 조천읍에 있는 상업지구입니다.,BASE,설명 기본 문구; 세부설명 없음 → 한 줄 소개로 대체; 사진 없음,https://map.kakao.com/?q=THESIGNATURE
555,바이킹호,,WEST,LEISURE,레저·스포츠 관련 시설,,제주시 한경면,33.3089242,126.1648981,제주특별자치도 제주시 한경면 노을해안로 1160,,제주시 한경면에 있는 레저·스포츠 관련 시설입니다.,제주시 한경면에 있는 레저·스포츠 관련 시설입니다.,BASE,설명 기본 문구; 세부설명 없음 → 한 줄 소개로 대체; 사진 없음,https://map.kakao.com/?q=바이킹호
556,메카플러스,,NORTH,CULTURE,문화시설,,제주시 이도2동,33.5000817,126.5272542,제주특별자치도 제주시 서광로 288,,제주시 이도2동에 있는 문화시설입니다.,제주시 이도2동에 있는 문화시설입니다.,BASE,설명 기본 문구; 세부설명 없음 → 한 줄 소개로 대체; 사진 없음,https://map.kakao.com/?q=메카플러스
561,블루제주솝,,NORTH,EXPERIENCE,체험 활동 관광지,,제주시 외도동,33.4889641,126.4328548,제주특별자치도 제주시 우정로15길 48,,제주시 외도동에 있는 체험 활동 관광지입니다.,제주시 외도동에 있는 체험 활동 관광지입니다.,BASE,설명 기본 문구; 세부설명 없음 → 한 줄 소개로 대체; 사진 없음,https://map.kakao.com/?q=블루제주솝
564,펀테마파크,,EAST,THEME,테마시설,,제주시 조천읍,33.4791965,126.7009773,제주특별자치도 제주시 조천읍 선흘리 2019-3 원,,제주시 조천읍에 있는 테마시설입니다.,제주시 조천읍에 있는 테마시설입니다.,BASE,설명 기본 문구; 세부설명 없음 → 한 줄 소개로 대체; 사진 없음,https://map.kakao.com/?q=펀테마파크
565,제주시생활체육공원,,NORTH,NATURE,자연관광지,LEISURE→NATURE,제주시 봉개동,33.4722728,126.6365949,제주특별자치도 제주시 와흘전1길 32,,제주시 봉개동에 있는 자연관광지입니다.,제주시 봉개동에 있는 자연관광지입니다.,BASE,설명 기본 문구; 세부설명 없음 → 한 줄 소개로 대체; 사진 없음; 관광지인지 확인(도서관·교회·골프 등),https://map.kakao.com/?q=제주시생활체육공원
574,선덕사범종각,,SOUTH,HISTORY,역사·유적·종교 시설,,서귀포시 영천동,33.3201683,126.5940379,제주특별자치도 서귀포시 516로771번길 64,,서귀포시 영천동에 있는 역사·유적·종교 시설입니다.,서귀포시 영천동에 있는 역사·유적·종교 시설입니다.,BASE,설명 기본 문구; 세부설명 없음 → 한 줄 소개로 대체; 사진 없음,https://map.kakao.com/?q=선덕사범종각
580,서프로와,,NORTH,LEISURE,레저·스포츠 관련 시설,,제주시 이호동,33.4977582,126.4479768,제주특별자치도 제주시 테우해안로 132,,제주시 이호동에 있는 레저·스포츠 관련 시설입니다.,제주시 이호동에 있는 레저·스포츠 관련 시설입니다.,BASE,설명 기본 문구; 세부설명 없음 → 한 줄 소개로 대체; 사진 없음,https://map.kakao.com/?q=서프로와
585,제주도서관,,NORTH,CULTURE,문화시설,EXPERIENCE→CULTURE,제주시 이도2동,33.5006253,126.5412805,제주특별자치도 제주시 연삼로 489,https://api.cdn.visitjeju.net/photomng/imgpath/201812/20/df6da46c-00be-4d57-a4d6-ba0a0fc56e0b.webp,통일에 대한 다양한 정보와 유물 등이 있는 전시관.,통일에 대한 다양한 정보와 유물 등이 있는 전시관.,BASE+VJ+TOUR,비짓제주 이름 다름(제주통일관); TourAPI 이름 다름(제주통일관); 관광지인지 확인(도서관·교회·골프 등),https://map.kakao.com/?q=제주도서관
586,모슬포교회,,WEST,HISTORY,역사·유적·종교 시설,,서귀포시 대정읍,33.2243229,126.2484749,제주특별자치도 서귀포시 대정읍 하모이삼로15번길 25,https://api.cdn.visitjeju.net/photomng/imgpath/201908/06/866edac6-7704-4b8e-a131-62b0c125d78a.webp,서귀포시 대정읍 하모리에 위치한 항,서귀포시 대정읍 하모리에 위치한 항,BASE+VJ,비짓제주 이름 다름(모슬포항); 관광지인지 확인(도서관·교회·골프 등),https://map.kakao.com/?q=모슬포교회
590,드림타워,,EAST,TRAIL,산책로·둘레길,,제주시 구좌읍,33.5232911,126.855666,제주특별자치도 제주시 구좌읍 구좌로 40,,제주시 구좌읍에 있는 산책로·둘레길입니다.,제주시 구좌읍에 있는 산책로·둘레길입니다.,BASE,설명 기본 문구; 세부설명 없음 → 한 줄 소개로 대체; 사진 없음,https://map.kakao.com/?q=드림타워
599,앵무새체험농장,,NORTH,EXPERIENCE,체험 활동 관광지,,제주시 노형동,33.4575937,126.4792535,제주특별자치도 제주시 미리내길 92,,제주시 노형동에 있는 체험 활동 관광지입니다.,제주시 노형동에 있는 체험 활동 관광지입니다.,BASE,설명 기본 문구; 세부설명 없음 → 한 줄 소개로 대체; 사진 없음,https://map.kakao.com/?q=앵무새체험농장
600,양지공원,,NORTH,NATURE,자연관광지,,제주시 아라동,33.4401931,126.5793437,제주특별자치도 제주시 516로 2810-31,,제주시 아라동에 있는 자연관광지입니다.,제주시 아라동에 있는 자연관광지입니다.,BASE,설명 기본 문구; 세부설명 없음 → 한 줄 소개로 대체; 사진 없음,https://map.kakao.com/?q=양지공원
603,서귀포축구공원,,SOUTH,NATURE,자연관광지,,서귀포시 효돈동,33.2583497,126.6105095,제주특별자치도 서귀포시 효돈순환로 311-29,,서귀포시 효돈동에 있는 자연관광지입니다.,서귀포시 효돈동에 있는 자연관광지입니다.,BASE,설명 기본 문구; 세부설명 없음 → 한 줄 소개로 대체; 사진 없음,https://map.kakao.com/?q=서귀포축구공원
608,이노에듀파크,,WEST,THEME,테마시설,COMMERCIAL→THEME,서귀포시 대정읍,33.2807691,126.2778171,제주특별자치도 서귀포시 대정읍 글로벌에듀로 370,,서귀포시 대정읍에 있는 테마시설입니다.,서귀포시 대정읍에 있는 테마시설입니다.,BASE,설명 기본 문구; 세부설명 없음 → 한 줄 소개로 대체; 사진 없음,https://map.kakao.com/?q=이노에듀파크
613,동광녹색농촌체험마을방문자센터,,WEST,EXPERIENCE,체험 활동 관광지,HISTORY→EXPERIENCE,서귀포시 안덕면,33.30649,126.3375981,제주특별자치도 서귀포시 안덕면 동광로 107,https://tong.visitkorea.or.kr/cms/resource/15/3024315_image2_1.jpg,동광리농촌체험마을은 안덕면 동광리에서 운영하는 녹색 농촌 체험 마을이다.,"동광리농촌체험마을은 안덕면 동광리에서 운영하는 녹색 농촌 체험 마을이다. 동광마을은 해발 200m~400m에 위치하며 한라산 남서 사면의 완만한 용암 평원에 입지한 중산간 내륙의 산촌으로 크고 작은 오름과 숲으로 둘러싸여 있다. 제주 4·3 사건의 아픔을 겪었던 마을로 잃어버린 마을과 표석비, 주민들의 피난처였던 큰넓궤, 한 묘, 돌다리 등 4·3 유적지가 남아있다. 체험마을은 폐교된 동광 분교를 리모델링했으며 관광객 및 제주도민들을 위한 농촌 체험 프로그램이 항상 준비되어 있다. 프로그램으로는 눈썰매 타기 및 연날리기 체험, 한우 사육 및 조랑말 체험 활동, 고사리 꺾기와 야생화 관찰, 돌담 쌓기와 젖소 체험 활동, 오름 탐사 및 동식물 탐사 체험, 4·3유적지 탐사, 민속놀이 체험, 감자범벅 만들기와 맷돌 갈기, 대나무 활쏘기 및 대나무 물총 만들기, 핸드폰과 열쇠고리 만들기 등이 있다. 이 밖에 방문자 센터, 숙박 시설, 천연잔디구장을 비롯한 체육시설 등을 마련해 다양한 프로그램의 장으로 활용하고 있다. 또한 북오름 생태공원 산책로를 방문자 센터와 연결해 방문객들이 오름을 등반하며 아름다운 자연 생태를 직접 느끼도록 조성했다. 북오름과 거린오름, 곶자왈이 가까이 있고 마라도를 볼 수 있는 아름다운 풍광도 갖고 있다. 2016년에 농림축산식품부와 한국농어촌공사가 추천하는 농촌관광코스 10선에 선정되기도 했다.",BASE+TOUR,TourAPI 이름 다름(동광리농촌체험마을); 관광지인지 확인(도서관·교회·골프 등),https://map.kakao.com/?q=동광녹색농촌체험마을방문자센터
616,돌하루방박물관,,EAST,CULTURE,문화시설,,제주시 조천읍,33.5389838,126.6886802,제주특별자치도 제주시 조천읍 북촌서1길 70,,제주시 조천읍에 있는 문화시설입니다.,제주시 조천읍에 있는 문화시설입니다.,BASE,설명 기본 문구; 세부설명 없음 → 한 줄 소개로 대체; 사진 없음,https://map.kakao.com/?q=돌하루방박물관
619,장안사,,NORTH,HISTORY,역사·유적·종교 시설,,제주시 도두동,33.5062184,126.4684575,제주특별자치도 제주시 서해안로 195,,제주시 도두동에 있는 역사·유적·종교 시설입니다.,제주시 도두동에 있는 역사·유적·종교 시설입니다.,BASE,설명 기본 문구; 세부설명 없음 → 한 줄 소개로 대체; 사진 없음,https://map.kakao.com/?q=장안사
620,MUSEUMARARIO,,NORTH,CULTURE,문화시설,,제주시 일도1동,33.5135631,126.5284367,제주특별자치도 제주시 산지로 37-5,,제주시 일도1동에 있는 문화시설입니다.,제주시 일도1동에 있는 문화시설입니다.,BASE,설명 기본 문구; 세부설명 없음 → 한 줄 소개로 대체; 사진 없음,https://map.kakao.com/?q=MUSEUMARARIO
627,제주조각공원,,WEST,NATURE,자연관광지,THEME→NATURE,서귀포시 안덕면,33.2516367,126.3216697,제주특별자치도 서귀포시 안덕면 일주서로 1836,,서귀포시 안덕면에 있는 자연관광지입니다.,서귀포시 안덕면에 있는 자연관광지입니다.,BASE,설명 기본 문구; 세부설명 없음 → 한 줄 소개로 대체; 사진 없음,https://map.kakao.com/?q=제주조각공원
629,성읍랜드,,EAST,THEME,테마시설,EXPERIENCE→THEME,서귀포시 표선면,33.3978144,126.7864945,제주특별자치도 서귀포시 표선면 성읍리 2055임,,서귀포시 표선면에 있는 테마시설입니다.,서귀포시 표선면에 있는 테마시설입니다.,BASE,설명 기본 문구; 세부설명 없음 → 한 줄 소개로 대체; 사진 없음,https://map.kakao.com/?q=성읍랜드
636,용마마을,,NORTH,TRAIL,산책로·둘레길,,제주시 용담2동,33.5147124,126.5076553,제주특별자치도 제주시 용담삼동,,제주시 용담2동에 있는 산책로·둘레길입니다.,제주시 용담2동에 있는 산책로·둘레길입니다.,BASE,설명 기본 문구; 세부설명 없음 → 한 줄 소개로 대체; 사진 없음,https://map.kakao.com/?q=용마마을
642,도깨비휴게소,,NORTH,EXPERIENCE,체험 활동 관광지,,제주시 연동,33.4512048,126.4872295,제주특별자치도 제주시 1100로 2894-63,,제주시 연동에 있는 체험 활동 관광지입니다.,제주시 연동에 있는 체험 활동 관광지입니다.,BASE,설명 기본 문구; 세부설명 없음 → 한 줄 소개로 대체; 사진 없음; 관광지인지 확인(도서관·교회·골프 등),https://map.kakao.com/?q=도깨비휴게소
644,연동천주교회,,NORTH,HISTORY,역사·유적·종교 시설,,제주시 노형동,33.4682409,126.4838077,제주특별자치도 제주시 1100로 3157,,제주시 노형동에 있는 역사·유적·종교 시설입니다.,제주시 노형동에 있는 역사·유적·종교 시설입니다.,BASE,설명 기본 문구; 세부설명 없음 → 한 줄 소개로 대체; 사진 없음; 관광지인지 확인(도서관·교회·골프 등),https://map.kakao.com/?q=연동천주교회
646,서귀포시평생학습관,,SOUTH,CULTURE,문화시설,,서귀포시 동홍동,33.2585993,126.5617402,제주특별자치도 서귀포시 중앙로150번길 4-1,,서귀포시 동홍동에 있는 문화시설입니다.,서귀포시 동홍동에 있는 문화시설입니다.,BASE,설명 기본 문구; 세부설명 없음 → 한 줄 소개로 대체; 사진 없음,https://map.kakao.com/?q=서귀포시평생학습관
652,우도창작스튜디오,,EAST,CULTURE,문화시설,,제주시 우도면,33.507522,126.9557772,제주특별자치도 제주시 우도면 영일진사길 15-5,https://api.cdn.visitjeju.net/photomng/imgpath/202408/21/edc894d2-02ca-4bc6-9d89-0681a696f58c.webp,소가 누운 형상을 닮은 제주의 가장 큰 부속섬,소가 누운 형상을 닮은 제주의 가장 큰 부속섬,BASE+VJ+TOUR,관광지인지 확인(도서관·교회·골프 등),https://map.kakao.com/?q=우도창작스튜디오
657,아이스크림연구소,,SOUTH,COMMERCIAL,상업지구,,서귀포시 중앙동,33.2494615,126.5622622,제주특별자치도 서귀포시 중앙로54번길 14,,서귀포시 중앙동에 있는 상업지구입니다.,서귀포시 중앙동에 있는 상업지구입니다.,BASE,설명 기본 문구; 세부설명 없음 → 한 줄 소개로 대체; 사진 없음,https://map.kakao.com/?q=아이스크림연구소
659,팝스DVD영화관,,NORTH,CULTURE,문화시설,,제주시 연동,33.4875104,126.4908649,제주특별자치도 제주시 연동7길 25,,제주시 연동에 있는 문화시설입니다.,제주시 연동에 있는 문화시설입니다.,BASE,설명 기본 문구; 세부설명 없음 → 한 줄 소개로 대체; 사진 없음,https://map.kakao.com/?q=팝스DVD영화관
662,신창천주교회,,WEST,HISTORY,역사·유적·종교 시설,,제주시 한경면,33.3450646,126.1836908,제주특별자치도 제주시 한경면 일주서로 4247,,제주시 한경면에 있는 역사·유적·종교 시설입니다.,제주시 한경면에 있는 역사·유적·종교 시설입니다.,BASE,설명 기본 문구; 세부설명 없음 → 한 줄 소개로 대체; 사진 없음; 관광지인지 확인(도서관·교회·골프 등),https://map.kakao.com/?q=신창천주교회
665,진비치하우스,,NORTH,NATURE,자연관광지,,제주시 용담2동,33.5182233,126.4886424,제주특별자치도 제주시 서해안로 456-4,,제주시 용담2동에 있는 자연관광지입니다.,제주시 용담2동에 있는 자연관광지입니다.,BASE,설명 기본 문구; 세부설명 없음 → 한 줄 소개로 대체; 사진 없음,https://map.kakao.com/?q=진비치하우스
667,나인브릿지골프클럽,,WEST,LEISURE,레저·스포츠 관련 시설,,서귀포시 안덕면,33.3357723,126.4007936,제주특별자치도 서귀포시 안덕면 광평로 34-156,https://api.cdn.visitjeju.net/photomng/imgpath/201907/25/1978f51c-6ccf-472c-889d-f0485a408ec0.webp,명성에 품격을 더한 회원제 골프장,명성에 품격을 더한 회원제 골프장,BASE+VJ,비짓제주 이름 다름(클럽나인브릿지); 관광지인지 확인(도서관·교회·골프 등),https://map.kakao.com/?q=나인브릿지골프클럽
672,한라하이킹,,NORTH,LEISURE,레저·스포츠 관련 시설,,제주시 용담2동,33.5131381,126.514022,제주특별자치도 제주시 용두암길 50-1,,제주시 용담2동에 있는 레저·스포츠 관련 시설입니다.,제주시 용담2동에 있는 레저·스포츠 관련 시설입니다.,BASE,설명 기본 문구; 세부설명 없음 → 한 줄 소개로 대체; 사진 없음,https://map.kakao.com/?q=한라하이킹
676,일월선셋비치,,WEST,COMMERCIAL,상업지구,,제주시 애월읍,33.4629252,126.3092448,제주특별자치도 제주시 애월읍 애월북서길 56-1,,제주시 애월읍에 있는 상업지구입니다.,제주시 애월읍에 있는 상업지구입니다.,BASE,설명 기본 문구; 세부설명 없음 → 한 줄 소개로 대체; 사진 없음,https://map.kakao.com/?q=일월선셋비치
678,제주동문재래시장,제주동문재래시장,NORTH,COMMERCIAL,상업지구,,제주시 이도일동,33.5115851,126.5260174,제주특별자치도 제주시 관덕로14길 20,https://api.cdn.visitjeju.net/photomng/imgpath/202410/16/cb66093f-ad09-4347-8e91-3476ea9637bb.webp,"다양한 먹거리와 상업의 중심, 제주 동문 재래시장","다양한 먹거리와 상업의 중심, 제주 동문 재래시장",AI+BASE+VJ+TOUR,확인필요: 같은 이름이 27.7km 떨어진 곳에 또 있음(336번) → 틀린 쪽은 exclude=Y,https://map.kakao.com/?q=제주동문재래시장
681,수목원길,수목원길야시장,NORTH,COMMERCIAL,상업지구,,제주시 연동,33.4713198,126.488029,제주특별자치도 제주시 은수길 65,https://api.cdn.visitjeju.net/photomng/imgpath/201804/30/9bf34a74-0bd5-4394-95be-c088b44805c6.webp,"제주아이스뮤지엄, 3D 착시아트, 5D 영상관 등의 독특한 테마를 볼 수 있는 실내 관광지","제주아이스뮤지엄, 3D 착시아트, 5D 영상관 등의 독특한 테마를 볼 수 있는 실내 관광지",AI+BASE+VJ+TOUR,AI 후보 '수목원길야시장'와 연결(이름 다름) → 확인,https://map.kakao.com/?q=수목원길
682,토이마켓,,NORTH,COMMERCIAL,상업지구,,제주시 건입동,33.5118159,126.5463064,제주특별자치도 제주시 동문로 192,https://tong.visitkorea.or.kr/cms/resource/88/4042388_image2_1.png,토이마켓은 아이들의 꿈과 상상력이 자라나는 거대한 장난감 세상입니다.,"토이마켓은 아이들의 꿈과 상상력이 자라나는 거대한 장난감 세상입니다. 전 세계의 인기 교구와 완구들을 전문가의 안목으로 엄선하여 제공하며, 안전하고 유익한 놀이 문화를 선도하는 든든한 육아 파트너가 되고자 합니다.",BASE+TOUR,확인필요: 같은 이름이 29.4km 떨어진 곳에 또 있음(722번) → 틀린 쪽은 exclude=Y,https://map.kakao.com/?q=토이마켓
683,롯데시네마제주아라4관,,NORTH,CULTURE,문화시설,,제주시 아라동,33.483826,126.5359077,제주특별자치도 제주시 구산로 4,,제주시 아라동에 있는 문화시설입니다.,제주시 아라동에 있는 문화시설입니다.,BASE,설명 기본 문구; 세부설명 없음 → 한 줄 소개로 대체; 사진 없음,https://map.kakao.com/?q=롯데시네마제주아라4관
688,에코랜드컨트리클럽,,EAST,THEME,테마시설,EXPERIENCE→THEME,제주시 조천읍,33.4689586,126.6692538,제주특별자치도 제주시 조천읍 대흘리 1221-1 체,,제주시 조천읍에 있는 테마시설입니다.,제주시 조천읍에 있는 테마시설입니다.,BASE,설명 기본 문구; 세부설명 없음 → 한 줄 소개로 대체; 사진 없음,https://map.kakao.com/?q=에코랜드컨트리클럽
689,종달스토리,,EAST,COMMERCIAL,상업지구,,제주시 구좌읍,33.4917451,126.9001849,제주특별자치도 제주시 구좌읍 종달논길 61-7,https://tong.visitkorea.or.kr/cms/resource/36/3553836_image2_1.jpg,‘종처럼 생긴 산(지미봉) 밑에 위치한다’라는 뜻을 가진 종달리해변은 넓은 모래 해변이 깔려있다.,‘종처럼 생긴 산(지미봉) 밑에 위치한다’라는 뜻을 가진 종달리해변은 넓은 모래 해변이 깔려있다. 비교적 잘 알려지지 않은 종달리해변은 조용하게 여행하고 싶은 사람들에게 추천하는 곳이다. 종달리해변에서는 성산일출봉과 우도가 아름답게 보인다. 특히 종달리해변 옆에 있는 해안도로는 수국이 아름답기로 유명한 길이 형성되어 있다.,BASE+TOUR,TourAPI 이름 다름(종달리해변),https://map.kakao.com/?q=종달스토리
692,천주교중문교회,,SOUTH,HISTORY,역사·유적·종교 시설,,서귀포시 중문동,33.2538174,126.4213957,제주특별자치도 서귀포시 천제연로 149,,서귀포시 중문동에 있는 역사·유적·종교 시설입니다.,서귀포시 중문동에 있는 역사·유적·종교 시설입니다.,BASE,설명 기본 문구; 세부설명 없음 → 한 줄 소개로 대체; 사진 없음; 관광지인지 확인(도서관·교회·골프 등),https://map.kakao.com/?q=천주교중문교회
695,탐라도서관,,NORTH,CULTURE,문화시설,,제주시 노형동,33.4791986,126.4771987,제주특별자치도 제주시 정원로 50,,제주시 노형동에 있는 문화시설입니다.,제주시 노형동에 있는 문화시설입니다.,BASE,설명 기본 문구; 세부설명 없음 → 한 줄 소개로 대체; 사진 없음; 관광지인지 확인(도서관·교회·골프 등),https://map.kakao.com/?q=탐라도서관
696,중문카트체험장,,SOUTH,EXPERIENCE,체험 활동 관광지,,서귀포시 예래동,33.2642276,126.3942402,제주특별자치도 서귀포시 상예동 1759-1 대,https://api.cdn.visitjeju.net/photomng/imgpath/202306/20/6a03454d-84a8-4503-810c-bcf9ee04968c.webp,중문 숲속을 거닐며 즐기는 승마체험,중문 숲속을 거닐며 즐기는 승마체험,BASE+VJ+TOUR,비짓제주 이름 다름(중문승마체험장),https://map.kakao.com/?q=중문카트체험장
701,월정비취,,EAST,COMMERCIAL,상업지구,,제주시 구좌읍,33.5547903,126.797959,제주특별자치도 제주시 구좌읍 해맞이해안로 480,,제주시 구좌읍에 있는 상업지구입니다.,제주시 구좌읍에 있는 상업지구입니다.,BASE,설명 기본 문구; 세부설명 없음 → 한 줄 소개로 대체; 사진 없음,https://map.kakao.com/?q=월정비취
703,조수리박물관,,WEST,CULTURE,문화시설,,제주시 한경면,33.3361006,126.2272224,제주특별자치도 제주시 한경면 용금로 449,,제주시 한경면에 있는 문화시설입니다.,제주시 한경면에 있는 문화시설입니다.,BASE,설명 기본 문구; 세부설명 없음 → 한 줄 소개로 대체; 사진 없음,https://map.kakao.com/?q=조수리박물관
705,미래골프클럽,,WEST,LEISURE,레저·스포츠 관련 시설,,제주시 애월읍,33.4296803,126.4218036,제주특별자치도 제주시 애월읍 고성남서길 52-3,,제주시 애월읍에 있는 레저·스포츠 관련 시설입니다.,제주시 애월읍에 있는 레저·스포츠 관련 시설입니다.,BASE,설명 기본 문구; 세부설명 없음 → 한 줄 소개로 대체; 사진 없음; 관광지인지 확인(도서관·교회·골프 등),https://map.kakao.com/?q=미래골프클럽
707,하례정원,,SOUTH,THEME,테마시설,NATURE→THEME,서귀포시 남원읍,33.2616217,126.63827,제주특별자치도 서귀포시 남원읍 하례망장포로 39,,서귀포시 남원읍에 있는 테마시설입니다.,서귀포시 남원읍에 있는 테마시설입니다.,BASE,설명 기본 문구; 세부설명 없음 → 한 줄 소개로 대체; 사진 없음,https://map.kakao.com/?q=하례정원
710,제주올레안내소,,SOUTH,TRAIL,산책로·둘레길,THEME→TRAIL,서귀포시 남원읍,33.2777868,126.71959,제주특별자치도 서귀포시 남원읍 남태해안로 140,,서귀포시 남원읍에 있는 산책로·둘레길입니다.,서귀포시 남원읍에 있는 산책로·둘레길입니다.,BASE,설명 기본 문구; 세부설명 없음 → 한 줄 소개로 대체; 사진 없음; 관광지인지 확인(도서관·교회·골프 등),https://map.kakao.com/?q=제주올레안내소
712,프라이탁,,NORTH,COMMERCIAL,상업지구,,제주시 삼도2동,33.5174635,126.5231616,제주특별자치도 제주시 탑동로 16,,제주시 삼도2동에 있는 상업지구입니다.,제주시 삼도2동에 있는 상업지구입니다.,BASE,설명 기본 문구; 세부설명 없음 → 한 줄 소개로 대체; 사진 없음,https://map.kakao.com/?q=프라이탁
716,에코파인,,NORTH,CULTURE,문화시설,,제주시 연동,33.4815633,126.4881933,제주특별자치도 제주시 연북로 66,,제주시 연동에 있는 문화시설입니다.,제주시 연동에 있는 문화시설입니다.,BASE,설명 기본 문구; 세부설명 없음 → 한 줄 소개로 대체; 사진 없음,https://map.kakao.com/?q=에코파인
717,삼다체육공원,,SOUTH,NATURE,자연관광지,LEISURE→NATURE,서귀포시 대륜동,33.2516251,126.516541,제주특별자치도 서귀포시 서호동 1602 공,,서귀포시 대륜동에 있는 자연관광지입니다.,서귀포시 대륜동에 있는 자연관광지입니다.,BASE,설명 기본 문구; 세부설명 없음 → 한 줄 소개로 대체; 사진 없음; 관광지인지 확인(도서관·교회·골프 등),https://map.kakao.com/?q=삼다체육공원
719,제주탑승마공원,,NORTH,EXPERIENCE,체험 활동 관광지,LEISURE→EXPERIENCE,제주시 봉개동,33.462095,126.6110845,제주특별자치도 제주시 명림로 278,,제주시 봉개동에 있는 체험 활동 관광지입니다.,제주시 봉개동에 있는 체험 활동 관광지입니다.,BASE,설명 기본 문구; 세부설명 없음 → 한 줄 소개로 대체; 사진 없음,https://map.kakao.com/?q=제주탑승마공원
722,토이마켓,,SOUTH,COMMERCIAL,상업지구,,서귀포시 천지동,33.2478342,126.5506444,제주특별자치도 서귀포시 하논로 84,,서귀포시 천지동에 있는 상업지구입니다.,서귀포시 천지동에 있는 상업지구입니다.,BASE,확인필요: 같은 이름이 29.4km 떨어진 곳에 또 있음(682번) → 틀린 쪽은 exclude=Y; 설명 기본 문구; 세부설명 없음 → 한 줄 소개로 대체; 사진 없음,https://map.kakao.com/?q=토이마켓
723,갤러리노리,,WEST,CULTURE,문화시설,,제주시 한림읍,33.3395868,126.2697781,제주특별자치도 제주시 한림읍 월림리 115-185 대,,제주시 한림읍에 있는 문화시설입니다.,제주시 한림읍에 있는 문화시설입니다.,BASE,설명 기본 문구; 세부설명 없음 → 한 줄 소개로 대체; 사진 없음,https://map.kakao.com/?q=갤러리노리
725,산세미오름,,WEST,NATURE,자연관광지,TRAIL→NATURE,제주시 애월읍,33.4086972,126.4341056,제주특별자치도 제주시 애월읍 고성리 산 127임,,제주시 애월읍에 있는 자연관광지입니다.,제주시 애월읍에 있는 자연관광지입니다.,BASE,설명 기본 문구; 세부설명 없음 → 한 줄 소개로 대체; 사진 없음,https://map.kakao.com/?q=산세미오름
727,제주영락교회,,NORTH,HISTORY,역사·유적·종교 시설,,제주시 일도2동,33.5109987,126.5430931,제주특별자치도 제주시 동광로23길 15,,제주시 일도2동에 있는 역사·유적·종교 시설입니다.,제주시 일도2동에 있는 역사·유적·종교 시설입니다.,BASE,설명 기본 문구; 세부설명 없음 → 한 줄 소개로 대체; 사진 없음; 관광지인지 확인(도서관·교회·골프 등),https://map.kakao.com/?q=제주영락교회
728,한라산아래첫마을,한라산아래첫마을,WEST,TRAIL,산책로·둘레길,,서귀포시 안덕면,33.3282092,126.3795496,제주특별자치도 서귀포시 안덕면 산록남로 675,,서귀포시 안덕면에 있는 산책로·둘레길입니다.,서귀포시 안덕면에 있는 산책로·둘레길입니다.,AI+BASE,설명 기본 문구; 세부설명 없음 → 한 줄 소개로 대체; 사진 없음,https://map.kakao.com/?q=한라산아래첫마을
729,제주영상문화산업진흥원,,NORTH,CULTURE,문화시설,FESTIVAL→CULTURE,제주시 일도2동,33.5061504,126.5338389,제주특별자치도 제주시 신산로 82,,제주시 일도2동에 있는 문화시설입니다.,제주시 일도2동에 있는 문화시설입니다.,BASE,설명 기본 문구; 세부설명 없음 → 한 줄 소개로 대체; 사진 없음,https://map.kakao.com/?q=제주영상문화산업진흥원
731,동부골프연습장,,EAST,LEISURE,레저·스포츠 관련 시설,,서귀포시 성산읍,33.4623796,126.9040102,제주특별자치도 서귀포시 성산읍 일주동로4098번길 62,,서귀포시 성산읍에 있는 레저·스포츠 관련 시설입니다.,서귀포시 성산읍에 있는 레저·스포츠 관련 시설입니다.,BASE,설명 기본 문구; 세부설명 없음 → 한 줄 소개로 대체; 사진 없음; 관광지인지 확인(도서관·교회·골프 등),https://map.kakao.com/?q=동부골프연습장
732,봉개교회,,NORTH,HISTORY,역사·유적·종교 시설,,제주시 봉개동,33.4879409,126.6014621,제주특별자치도 제주시 번영로 561-8,,제주시 봉개동에 있는 역사·유적·종교 시설입니다.,제주시 봉개동에 있는 역사·유적·종교 시설입니다.,BASE,설명 기본 문구; 세부설명 없음 → 한 줄 소개로 대체; 사진 없음; 관광지인지 확인(도서관·교회·골프 등),https://map.kakao.com/?q=봉개교회
733,제주로컬 썸제주,,NORTH,COMMERCIAL,상업지구,,제주시 연동,33.493927,126.4815555,제주특별자치도 제주시 일주서로 7815,,제주시 연동에 있는 상업지구입니다.,제주시 연동에 있는 상업지구입니다.,BASE,설명 기본 문구; 세부설명 없음 → 한 줄 소개로 대체; 사진 없음,https://map.kakao.com/?q=제주로컬 썸제주
735,귤향기감귤체험농장,,NORTH,EXPERIENCE,체험 활동 관광지,,제주시 노형동,33.4648967,126.485751,제주특별자치도 제주시 1100로 3118,,"귤향기 감귤체험농장은 제주 노형동에 자리하고 있는 감귤 체험농장으로, 제주 시내와 국제공항과도 가까워 접근성이 좋은 곳이다.","귤향기 감귤체험농장은 제주 노형동에 자리하고 있는 감귤 체험농장으로, 제주 시내와 국제공항과도 가까워 접근성이 좋은 곳이다. 소정의 체험료를 내면 귤을 담을 바구니와 가위 등 체험 장비를 대여해 주고 1㎏을 가져갈 수 있다. 귤밭에는 예쁘게 꾸며져 있는 사진 명소가 많아 감귤 수확뿐만 아니라 기념사진도 남길 수 있다. 체험하면서 시식도 가능하며, 규모가 큰 편이라 여유롭게 체험할 수 있다. 체험 시기는 계절적 영향으로 변경될 수 있으며, 귤 따기 외에 하귤 청, 풋귤 청 만들기 등의 체험은 반드시 사전 예약을 해야 한다.",BASE+TOUR,사진 없음,https://map.kakao.com/?q=귤향기감귤체험농장
737,플레이롤러,,SOUTH,THEME,테마시설,,서귀포시 대륜동,33.2618926,126.5252755,제주특별자치도 서귀포시 중산간동로 8348,,서귀포시 대륜동에 있는 테마시설입니다.,서귀포시 대륜동에 있는 테마시설입니다.,BASE,설명 기본 문구; 세부설명 없음 → 한 줄 소개로 대체; 사진 없음,https://map.kakao.com/?q=플레이롤러
741,함덕하타요가,,EAST,LEISURE,레저·스포츠 관련 시설,,제주시 조천읍,33.5424067,126.664448,제주특별자치도 제주시 조천읍 신북로 509,,제주시 조천읍에 있는 레저·스포츠 관련 시설입니다.,제주시 조천읍에 있는 레저·스포츠 관련 시설입니다.,BASE,설명 기본 문구; 세부설명 없음 → 한 줄 소개로 대체; 사진 없음,https://map.kakao.com/?q=함덕하타요가
743,서귀포수협수산물직판장,,SOUTH,COMMERCIAL,상업지구,,서귀포시 송산동,33.23959,126.5642377,제주특별자치도 서귀포시 칠십리로72번길 1,,서귀포시 송산동에 있는 상업지구입니다.,서귀포시 송산동에 있는 상업지구입니다.,BASE,설명 기본 문구; 세부설명 없음 → 한 줄 소개로 대체; 사진 없음; 관광지인지 확인(도서관·교회·골프 등),https://map.kakao.com/?q=서귀포수협수산물직판장
1013,검멀레해변,검멀레해변,EAST,NATURE,자연관광지,,제주시 우도면,33.497171,126.9669025,제주특별자치도 제주시 우도면 연평리,https://api.cdn.visitjeju.net/photomng/imgpath/201907/25/a30bb3ff-c287-4de2-80d0-428e3281e8c0.webp,검은모래가 매력적인 우도에서 빠질 수 없는 명소,검은모래가 매력적인 우도에서 빠질 수 없는 명소,AI+VJ+TOUR,비짓제주 이름 다름(검멀레해수욕장),https://map.kakao.com/?q=검멀레해변
1014,월정리해수욕장,월정리해수욕장,EAST,NATURE,자연관광지,,제주시 구좌읍,33.5564694,126.7958051,제주특별자치도 제주시 구좌읍 월정리 33-3,https://api.cdn.visitjeju.net/photomng/imgpath/202407/10/0efd8c73-00f9-4b7c-9a4e-8534e3dcd35e.webp,"'달이 머물다 가는’ 제주도의 아름다운 해변, 월정리해수욕장","'달이 머물다 가는’ 제주도의 아름다운 해변, 월정리해수욕장",AI+VJ+TOUR,TourAPI 이름 다름(월정리해변(월정리해수욕장)),https://map.kakao.com/?q=월정리해수욕장
1022,자구리문화예술공원,자구리문화예술공원,SOUTH,NATURE,자연관광지,,서귀포시 서귀동,33.2417469,126.5673829,제주특별자치도 서귀포시 칠십리로 120-12,https://api.cdn.visitjeju.net/photomng/imgpath/202111/23/1ea49ca7-bdc1-47ab-bbe6-501d8007cd21.webp,"생활근린공원으로 해안가에 위치한, 아름다운 풍경과 낭만이 있는 산책공원","생활근린공원으로 해안가에 위치한, 아름다운 풍경과 낭만이 있는 산책공원",AI+VJ+TOUR,비짓제주 이름 다름(자구리공원),https://map.kakao.com/?q=자구리문화예술공원
1029,올레길 16코스(고내-광령 올레),올레길 16코스(고내-광령 올레),WEST,TRAIL,산책로·둘레길,,제주시 애월읍,33.4686743,126.3872964,제주특별자치도 제주시 애월읍 수산리 1831-2,,제주시 애월읍에 있는 산책로·둘레길입니다.,제주시 애월읍에 있는 산책로·둘레길입니다.,AI,설명 기본 문구; 세부설명 없음 → 한 줄 소개로 대체; 사진 없음,https://map.kakao.com/?q=올레길 16코스(고내-광령 올레)
1034,애월카페거리,애월카페거리,WEST,COMMERCIAL,상업지구,,제주시 애월읍,33.4625872,126.3091689,제주특별자치도 제주시 애월읍 애월리,,제주시 애월읍에 있는 상업지구입니다.,제주시 애월읍에 있는 상업지구입니다.,AI,설명 기본 문구; 세부설명 없음 → 한 줄 소개로 대체; 사진 없음,https://map.kakao.com/?q=애월카페거리
1041,한라산국립공원 관음사탐방로,한라산국립공원 관음사탐방로,NORTH,NATURE,자연관광지,,제주시 오라이동,33.3908377,126.5380065,제주특별자치도 제주시 오라이동 산 107-20,,제주시 오라이동에 있는 자연관광지입니다.,제주시 오라이동에 있는 자연관광지입니다.,AI,설명 기본 문구; 세부설명 없음 → 한 줄 소개로 대체; 사진 없음,https://map.kakao.com/?q=한라산국립공원 관음사탐방로
1046,세화해변,세화해변,EAST,NATURE,자연관광지,,제주시 구좌읍,33.5251437,126.8602562,제주특별자치도 제주시 구좌읍 해녀박물관길 27,https://api.cdn.visitjeju.net/photomng/imgpath/202407/24/1618588d-74d2-49e3-a527-d2637b6ca018.webp,인생 사진을 남길 수 있는 인생 바다,인생 사진을 남길 수 있는 인생 바다,AI+VJ+TOUR,비짓제주 이름 다름(세화해수욕장); TourAPI 이름 다름(세화해수욕장),https://map.kakao.com/?q=세화해변
1063,올레길 21코스,올레길 21코스,EAST,TRAIL,산책로·둘레길,,제주시 구좌읍,33.5199436,126.9008926,제주특별자치도 제주시 구좌읍 하도리 22-6,,제주시 구좌읍에 있는 산책로·둘레길입니다.,제주시 구좌읍에 있는 산책로·둘레길입니다.,AI,설명 기본 문구; 세부설명 없음 → 한 줄 소개로 대체; 사진 없음,https://map.kakao.com/?q=올레길 21코스
1064,평대리해수욕장,평대리해수욕장,EAST,NATURE,자연관광지,,제주시 구좌읍,33.5335268,126.84086,제주특별자치도 제주시 구좌읍 평대리,,제주시 구좌읍에 있는 자연관광지입니다.,제주시 구좌읍에 있는 자연관광지입니다.,AI,설명 기본 문구; 세부설명 없음 → 한 줄 소개로 대체; 사진 없음,https://map.kakao.com/?q=평대리해수욕장
1067,방주교회,방주교회,WEST,HISTORY,역사·유적·종교 시설,,서귀포시 안덕면,33.305049,126.3874393,제주특별자치도 서귀포시 안덕면 산록남로762번길 113,https://api.cdn.visitjeju.net/photomng/imgpath/202110/27/402eb059-b3f4-4858-ad8b-037531858461.webp,건축가 이타미 준이 설계한 노아의 방주를 본 따 만든 성전 건축물,건축가 이타미 준이 설계한 노아의 방주를 본 따 만든 성전 건축물,AI+VJ+TOUR,관광지인지 확인(도서관·교회·골프 등),https://map.kakao.com/?q=방주교회
1072,문화예술 공공수장고,문화예술 공공수장고,WEST,CULTURE,문화시설,,제주시 한경면,33.3371683,126.2645587,제주특별자치도 제주시 한경면 저지12길 84-2,,제주시 한경면에 있는 문화시설입니다.,제주시 한경면에 있는 문화시설입니다.,AI,설명 기본 문구; 세부설명 없음 → 한 줄 소개로 대체; 사진 없음,https://map.kakao.com/?q=문화예술 공공수장고
1073,제주코코몽에코파크,제주코코몽에코파크,SOUTH,THEME,테마시설,,서귀포시 남원읍,33.2541,126.5601,제주특별자치도 서귀포시 남원읍,,서귀포시 남원읍에 있는 테마시설입니다.,서귀포시 남원읍에 있는 테마시설입니다.,AI,AI 후보 위치 못 찾음; 위치 못 찾음 → 시청 좌표(수정 필요); 설명 기본 문구; 세부설명 없음 → 한 줄 소개로 대체; 사진 없음,https://map.kakao.com/?q=제주코코몽에코파크
1074,걸어가는늑대들 전이수갤러리,걸어가는늑대들 전이수갤러리,EAST,CULTURE,문화시설,,제주시 조천읍,33.4996,126.5312,제주특별자치도 제주시 조천읍,,제주시 조천읍에 있는 문화시설입니다.,제주시 조천읍에 있는 문화시설입니다.,AI,AI 후보 위치 못 찾음; 위치 못 찾음 → 시청 좌표(수정 필요); 설명 기본 문구; 세부설명 없음 → 한 줄 소개로 대체; 사진 없음; 관광지인지 확인(도서관·교회·골프 등),https://map.kakao.com/?q=걸어가는늑대들 전이수갤러리
1077,올레길 19코스(조천-김녕 올레),올레길 19코스(조천-김녕 올레),EAST,TRAIL,산책로·둘레길,,제주시 조천읍,33.5495695,126.6898957,제주특별자치도 제주시 조천읍 북촌리 1329,,제주시 조천읍에 있는 산책로·둘레길입니다.,제주시 조천읍에 있는 산책로·둘레길입니다.,AI,설명 기본 문구; 세부설명 없음 → 한 줄 소개로 대체; 사진 없음,https://map.kakao.com/?q=올레길 19코스(조천-김녕 올레)
1078,올레길 5코스(남원-쇠소깍 올레),올레길 5코스(남원-쇠소깍 올레),SOUTH,TRAIL,산책로·둘레길,,서귀포시 남원읍,33.2707808,126.6674399,제주특별자치도 서귀포시 남원읍 위미리 1727-1,,서귀포시 남원읍에 있는 산책로·둘레길입니다.,서귀포시 남원읍에 있는 산책로·둘레길입니다.,AI,설명 기본 문구; 세부설명 없음 → 한 줄 소개로 대체; 사진 없음,https://map.kakao.com/?q=올레길 5코스(남원-쇠소깍 올레)
1079,휘닉스제주 유민미술관,휘닉스제주 유민미술관,EAST,CULTURE,문화시설,,서귀포시 성산읍,33.2541,126.5601,제주특별자치도 서귀포시 성산읍,,서귀포시 성산읍에 있는 문화시설입니다.,서귀포시 성산읍에 있는 문화시설입니다.,AI,AI 후보 위치 못 찾음; 위치 못 찾음 → 시청 좌표(수정 필요); 설명 기본 문구; 세부설명 없음 → 한 줄 소개로 대체; 사진 없음,https://map.kakao.com/?q=휘닉스제주 유민미술관
1080,신화관 제주신화월드 스카이풀,신화관 제주신화월드 스카이풀,WEST,THEME,테마시설,,서귀포시 안덕면,33.3061716,126.3160764,제주특별자치도 서귀포시 안덕면 신화역사로304번길 38,,서귀포시 안덕면에 있는 테마시설입니다.,서귀포시 안덕면에 있는 테마시설입니다.,AI,설명 기본 문구; 세부설명 없음 → 한 줄 소개로 대체; 사진 없음,https://map.kakao.com/?q=신화관 제주신화월드 스카이풀
1082,서우봉 산책로,서우봉 산책로,EAST,TRAIL,산책로·둘레길,,제주시 조천읍,33.5460789,126.6759387,제주특별자치도 제주시 조천읍 함덕리 163,,제주시 조천읍에 있는 산책로·둘레길입니다.,제주시 조천읍에 있는 산책로·둘레길입니다.,AI,설명 기본 문구; 세부설명 없음 → 한 줄 소개로 대체; 사진 없음,https://map.kakao.com/?q=서우봉 산책로
1086,올레길 4코스(표선-남원 올레),올레길 4코스(표선-남원 올레),EAST,TRAIL,산책로·둘레길,,서귀포시 표선면,33.2837579,126.748852,제주특별자치도 서귀포시 남원읍 태흥리 413-8,,서귀포시 표선면에 있는 산책로·둘레길입니다.,서귀포시 표선면에 있는 산책로·둘레길입니다.,AI,설명 기본 문구; 세부설명 없음 → 한 줄 소개로 대체; 사진 없음,https://map.kakao.com/?q=올레길 4코스(표선-남원 올레)
1089,작가의산책길,작가의산책길,SOUTH,TRAIL,산책로·둘레길,,서귀포시 서홍동,33.2450227,126.5625103,제주특별자치도 서귀포시 서귀동 466-4,,서귀포시 서홍동에 있는 산책로·둘레길입니다.,서귀포시 서홍동에 있는 산책로·둘레길입니다.,AI,설명 기본 문구; 세부설명 없음 → 한 줄 소개로 대체; 사진 없음,https://map.kakao.com/?q=작가의산책길
1097,싱계물공원,싱계물공원,WEST,NATURE,자연관광지,,제주시 한경면,33.343376,126.173996,제주 제주시 한경면 신창리 1322-1,https://api.cdn.visitjeju.net/photomng/imgpath/202112/02/e93957b0-ef19-409c-a9ab-6e459d04a238.webp,싱계물 공원,싱계물 공원,AI+VJ+TOUR,AI 후보 위치 못 찾음; 비짓제주 좌표 사용,https://map.kakao.com/?q=싱계물공원
1109,드르쿰다in성산,드르쿰다in성산,EAST,THEME,테마시설,,서귀포시 성산읍,33.4445131,126.9190852,제주특별자치도 서귀포시 성산읍 섭지코지로25번길 64,,서귀포시 성산읍에 있는 테마시설입니다.,서귀포시 성산읍에 있는 테마시설입니다.,AI,설명 기본 문구; 세부설명 없음 → 한 줄 소개로 대체; 사진 없음,https://map.kakao.com/?q=드르쿰다in성산
1113,어음리억새군락지,어음리억새군락지,WEST,NATURE,자연관광지,,제주시 애월읍,33.3776436,126.368172,제주특별자치도 제주시 애월읍 어음리 산 68-5,,제주시 애월읍에 있는 자연관광지입니다.,제주시 애월읍에 있는 자연관광지입니다.,AI,설명 기본 문구; 세부설명 없음 → 한 줄 소개로 대체; 사진 없음,https://map.kakao.com/?q=어음리억새군락지
1114,한라산국립공원 성판악탐방로,한라산국립공원 성판악탐방로,SOUTH,NATURE,자연관광지,,서귀포시 남원읍,33.378131,126.5750287,제주특별자치도 제주시 조천읍 교래리 산 137-2,,서귀포시 남원읍에 있는 자연관광지입니다.,서귀포시 남원읍에 있는 자연관광지입니다.,AI,설명 기본 문구; 세부설명 없음 → 한 줄 소개로 대체; 사진 없음,https://map.kakao.com/?q=한라산국립공원 성판악탐방로
1124,레몬뮤지엄,레몬뮤지엄,SOUTH,CULTURE,문화시설,,서귀포시 남원읍,33.2988583,126.6178518,제주특별자치도 서귀포시 남원읍 하례로620번길 41,,서귀포시 남원읍에 있는 문화시설입니다.,서귀포시 남원읍에 있는 문화시설입니다.,AI,설명 기본 문구; 세부설명 없음 → 한 줄 소개로 대체; 사진 없음,https://map.kakao.com/?q=레몬뮤지엄
1131,신세계사이먼 제주프리미엄전문점,신세계사이먼 제주프리미엄전문점,WEST,COMMERCIAL,상업지구,,서귀포시 안덕면,33.3066351,126.317576,제주특별자치도 서귀포시 안덕면 신화역사로304번길 38,https://api.cdn.visitjeju.net/photomng/imgpath/202110/13/ec7bfabe-c24a-44ce-af49-13c2d8acb43d.webp,제주 여행과 라이프에 '프리미엄 쇼핑'을 더하는 제주 프리미엄 전문점,제주 여행과 라이프에 '프리미엄 쇼핑'을 더하는 제주 프리미엄 전문점,AI+VJ+TOUR,TourAPI 이름 다름(구호 신세계사이먼프리미엄아울렛 제주점),https://map.kakao.com/?q=신세계사이먼 제주프리미엄전문점
1136,마노르블랑,마노르블랑,WEST,TRAIL,산책로·둘레길,,서귀포시 안덕면,33.2548189,126.2949908,제주특별자치도 서귀포시 안덕면 일주서로2100번길 46,,서귀포시 안덕면에 있는 산책로·둘레길입니다.,서귀포시 안덕면에 있는 산책로·둘레길입니다.,AI,설명 기본 문구; 세부설명 없음 → 한 줄 소개로 대체; 사진 없음,https://map.kakao.com/?q=마노르블랑
1142,서부농업기술센터,서부농업기술센터,WEST,CULTURE,문화시설,,제주시 한림읍,33.3536879,126.248682,제주특별자치도 제주시 한림읍 월림7길 90,https://api.cdn.visitjeju.net/photomng/imgpath/202407/09/9bcee6de-d8a1-4bda-9069-888eb59c6727.webp,사시사철 다채로운 꽃내음 가득...,사시사철 다채로운 꽃내음 가득... ‘서부농업기술센터’,AI+VJ,관광지인지 확인(도서관·교회·골프 등),https://map.kakao.com/?q=서부농업기술센터
1143,제주국제공항 JDC면세점,제주국제공항 JDC면세점,NORTH,COMMERCIAL,상업지구,,제주시 용담2동,33.506985,126.4936058,제주특별자치도 제주시 공항로 2,https://api.cdn.visitjeju.net/photomng/imgpath/201804/30/35f82a5c-cd6a-4deb-be70-c5b009ab8195.webp,4·3 당시 수 많은 주민들이 처형된 최대의 학살터인 정뜨르 비행장,4·3 당시 수 많은 주민들이 처형된 최대의 학살터인 정뜨르 비행장,AI+VJ+TOUR,TourAPI 이름 다름(올리브영 제주국제공항점),https://map.kakao.com/?q=제주국제공항 JDC면세점
1144,비양도망대,비양도망대,EAST,NATURE,자연관광지,,제주시 우도면,33.5154092,126.969199,제주특별자치도 제주시 우도면 연평리,https://api.cdn.visitjeju.net/photomng/imgpath/202111/02/1b8d9a22-d8bf-44bc-9769-10836f5049af.webp,"우도 섬 속에 또 하나의 섬, 비양도","우도 섬 속에 또 하나의 섬, 비양도",AI+VJ,비짓제주 이름 다름(우도 비양도),https://map.kakao.com/?q=비양도망대
1150,사진놀이터,사진놀이터,WEST,CULTURE,문화시설,,제주시 애월읍,33.4996,126.5312,제주특별자치도 제주시 애월읍,,제주시 애월읍에 있는 문화시설입니다.,제주시 애월읍에 있는 문화시설입니다.,AI,AI 후보 위치 못 찾음; 위치 못 찾음 → 시청 좌표(수정 필요); 설명 기본 문구; 세부설명 없음 → 한 줄 소개로 대체; 사진 없음,https://map.kakao.com/?q=사진놀이터
1152,올레길 8코스(월평-대평 올레),올레길 8코스(월평-대평 올레),SOUTH,TRAIL,산책로·둘레길,,서귀포시 하예동,33.2437923,126.41652,제주특별자치도 서귀포시 색달동 2822-9,,서귀포시 하예동에 있는 산책로·둘레길입니다.,서귀포시 하예동에 있는 산책로·둘레길입니다.,AI,설명 기본 문구; 세부설명 없음 → 한 줄 소개로 대체; 사진 없음,https://map.kakao.com/?q=올레길 8코스(월평-대평 올레)
1159,칠성로쇼핑거리,칠성로쇼핑거리,NORTH,COMMERCIAL,상업지구,,제주시 일도1동,33.5143671,126.5254425,제주특별자치도 제주시 일도일동 1296-5,,제주시 일도1동에 있는 상업지구입니다.,제주시 일도1동에 있는 상업지구입니다.,AI,설명 기본 문구; 세부설명 없음 → 한 줄 소개로 대체; 사진 없음,https://map.kakao.com/?q=칠성로쇼핑거리
1163,올레길 15-B코스(한림-고내 올레),올레길 15-B코스(한림-고내 올레),WEST,TRAIL,산책로·둘레길,,제주시 한림읍,33.4469888,126.2993595,제주특별자치도 제주시 애월읍 금성리 569-4,,제주시 한림읍에 있는 산책로·둘레길입니다.,제주시 한림읍에 있는 산책로·둘레길입니다.,AI,설명 기본 문구; 세부설명 없음 → 한 줄 소개로 대체; 사진 없음,https://map.kakao.com/?q=올레길 15-B코스(한림-고내 올레)
1167,도구리알,도구리알,WEST,HISTORY,역사·유적·종교 시설,,서귀포시 대정읍,33.2729697,126.172075,제주특별자치도 서귀포시 대정읍,,서귀포시 대정읍에 있는 역사·유적·종교 시설입니다.,서귀포시 대정읍에 있는 역사·유적·종교 시설입니다.,AI,설명 기본 문구; 세부설명 없음 → 한 줄 소개로 대체; 사진 없음,https://map.kakao.com/?q=도구리알
2002,(재)한국의학연구소 제주검진센터,,SOUTH,NATURE,자연관광지,,서귀포시 동홍동,33.2851229,126.5582866,제주특별자치도 서귀포시 솔오름로 61,https://api.cdn.visitjeju.net/photomng/imgpath/202404/24/992c7026-075e-483f-8db7-211bd45d5b6e.webp,"1985년 설립된 KMI한국의학연구소는 안전, 청정, 정확한 건강검진을 추구하는 종합건강검진기관으로 우수한 전문 인력과 첨단의료장비를 갖추고…","1985년 설립된 KMI한국의학연구소는 안전, 청정, 정확한 건강검진을 추구하는 종합건강검진기관으로 우수한 전문 인력과 첨단의료장비를 갖추고 품겪과 가치의 차원이 다른 건강검진 서비스를 제공하고 있습니다.",VJ,관광지인지 확인(도서관·교회·골프 등),https://map.kakao.com/?q=(재)한국의학연구소 제주검진센터
2011,943스튜디오,,EAST,COMMERCIAL,상업지구,,제주시 조천읍,33.5419995,126.6640605,제주특별자치도 제주시 조천읍 함덕16길 52-1,https://api.cdn.visitjeju.net/photomng/imgpath/202306/12/a602f77b-22b0-4dbe-b33b-5b38556905a4.webp,제주에서 직접 촬영한 사진을 이용한 사진 전문 소품샵,제주에서 직접 촬영한 사진을 이용한 사진 전문 소품샵,VJ,관광지인지 확인(도서관·교회·골프 등),https://map.kakao.com/?q=943스튜디오
2012,AK골프 제주점,,NORTH,COMMERCIAL,상업지구,,제주시 오라동,33.4814861,126.5097183,제주특별자치도 제주시 연북로 265 (오라이동),https://tong.visitkorea.or.kr/cms/resource/70/4042270_image2_1.png,AK골프는 전 세계 유명 골프 브랜드의 클럽과 용품을 한눈에 비교하고 구매할 수 있는 골프 전문 멀티숍입니다.,AK골프는 전 세계 유명 골프 브랜드의 클럽과 용품을 한눈에 비교하고 구매할 수 있는 골프 전문 멀티숍입니다. 전문가의 상담과 합리적인 가격을 통해 골퍼들이 최상의 라운딩을 즐길 수 있도록 돕습니다.,TOUR,관광지인지 확인(도서관·교회·골프 등),https://map.kakao.com/?q=AK골프 제주점
2130,골프존마켓 신세계사이먼프리미엄아울렛 제주점,,WEST,COMMERCIAL,상업지구,,서귀포시 안덕면,33.3049727,126.316352,제주특별자치도 서귀포시 안덕면 신화역사로304번길 38 B1층,https://tong.visitkorea.or.kr/cms/resource/10/4045010_image2_1.jpg,골프존마켓은 다양한 골프용품을 한곳에서 비교하고 구매할 수 있는 대한민국 골프 전문 유통 브랜드입니다.,"골프존마켓은 다양한 골프용품을 한곳에서 비교하고 구매할 수 있는 대한민국 골프 전문 유통 브랜드입니다. 클럽, 의류, 액세서리 등 폭넓은 상품 구성을 갖추고 있으며, 전문 상담과 피팅 서비스를 통해 고객에게 최적의 장비 선택을 제공합니다.",TOUR,관광지인지 확인(도서관·교회·골프 등),https://map.kakao.com/?q=골프존마켓 신세계사이먼프리미엄아울렛 제주점
2131,골프존카운티 오라,,NORTH,LEISURE,레저·스포츠 관련 시설,,제주시 오라동,33.4482225,126.5131904,제주특별자치도 제주시 오라남로 130-16 (오라이동),https://tong.visitkorea.or.kr/cms/resource/74/2476674_image2_1.jpg,"골프존카운티 오라는 영주십경중의 하나인 한라산 영구춘화 계곡을 따라 그림처럼 펼쳐지는 2,018,369㎡의 대자연 위에 국제수준의 36홀 코스…","골프존카운티 오라는 영주십경중의 하나인 한라산 영구춘화 계곡을 따라 그림처럼 펼쳐지는 2,018,369㎡의 대자연 위에 국제수준의 36홀 코스를 갖춘 제주도의 대표적인 골프장이다. 쾌적하고 다양한 부대시설을 갖추어 365일 연중무휴로 푸른 잔디 위에서 라운딩이 가능하며, One Caddie One Bag System 운영과 차별화된 고객서비스를 제공한다.",TOUR,관광지인지 확인(도서관·교회·골프 등),https://map.kakao.com/?q=골프존카운티 오라
2210,김영수 도서관,,NORTH,CULTURE,문화시설,,제주시 삼도2동,33.5149598,126.5217042,제주특별자치도 제주시 중앙로8길 18,https://api.cdn.visitjeju.net/photomng/imgpath/201906/04/5b62d7bf-d51d-4a1d-ad84-11ca2fe51a98.webp,제주시 원도심 도시재생사업의 일환으로 추진된 마을 도서관,제주시 원도심 도시재생사업의 일환으로 추진된 마을 도서관,VJ+TOUR,관광지인지 확인(도서관·교회·골프 등),https://map.kakao.com/?q=김영수 도서관
2223,나이키골프 제주점,,NORTH,COMMERCIAL,상업지구,,제주시 연동,33.4850752,126.496034,"제주특별자치도 제주시 신대로 136 (연동, 코스모스태홍누리안5차아파트)",https://tong.visitkorea.or.kr/cms/resource/38/4045538_image2_1.jpg,나이키는 스포츠 관련 제품을 선보이는 글로벌 브랜드입니다.,"나이키는 스포츠 관련 제품을 선보이는 글로벌 브랜드입니다. 운동화, 의류, 액세서리 등 품목과 스타일이 다양해 일상에서도 폭넓게 활용할 수 있습니다.",TOUR,관광지인지 확인(도서관·교회·골프 등),https://map.kakao.com/?q=나이키골프 제주점
2224,나이키골프 제주중문점,,SOUTH,COMMERCIAL,상업지구,,서귀포시 예래동,33.2496985,126.4115565,제주특별자치도 서귀포시 중문관광로72번길 29-9 (색달동) B1층,https://tong.visitkorea.or.kr/cms/resource/29/4024229_image2_1.jpg,나이키는 스포츠 관련 제품을 선보이는 글로벌 브랜드입니다.,"나이키는 스포츠 관련 제품을 선보이는 글로벌 브랜드입니다. 운동화, 의류, 액세서리 등 품목과 스타일이 다양해 일상에서도 폭넓게 활용할 수 있습니다.",TOUR,관광지인지 확인(도서관·교회·골프 등),https://map.kakao.com/?q=나이키골프 제주중문점
2228,낙천아홉굿마을,,NORTH,EXPERIENCE,체험 활동 관광지,,제주시 이도2동,33.499622,126.53119,제주특별자치도 제주시 광양9길 10,https://api.cdn.visitjeju.net/photomng/imgpath/201804/30/6a3afba3-1139-4258-a344-0b34ab44d1e4.webp,주민들이 직접 만든 1000개의 의자가 있는 마을,주민들이 직접 만든 1000개의 의자가 있는 마을,VJ,주소를 좌표로 다시 구함,https://map.kakao.com/?q=낙천아홉굿마을
2274,다라요가스튜디오,,EAST,EXPERIENCE,체험 활동 관광지,,제주시 조천읍,33.5400476,126.6593535,제주특별자치도 제주시 조천읍 함대로 37-24 (함덕리) 2층,https://api.cdn.visitjeju.net/photomng/imgpath/202507/03/169726ee-cc77-4869-9ddf-2905cb74e4cb.webp,"[제주 함덕 요가 클래스] 제주의 자연 속 쉼, 오름 뷰 요가 체험 | 다라요가스튜디오","[제주 함덕 요가 클래스] 제주의 자연 속 쉼, 오름 뷰 요가 체험 | 다라요가스튜디오",VJ,관광지인지 확인(도서관·교회·골프 등),https://map.kakao.com/?q=다라요가스튜디오
2325,뎁스원 프리다이빙센터,,WEST,EXPERIENCE,체험 활동 관광지,,제주시 한림읍,33.3962638,126.2432389,제주특별자치도 제주시 한림읍 한림로 375,https://api.cdn.visitjeju.net/photomng/imgpath/202306/16/5ac9bc0a-0048-4d7d-bf54-fd2b05547db7.webp,전문적으로 프리다이빙을 배워볼 수 있는 곳,전문적으로 프리다이빙을 배워볼 수 있는 곳,VJ,관광지인지 확인(도서관·교회·골프 등),https://map.kakao.com/?q=뎁스원 프리다이빙센터
2374,둔지봉,,EAST,TRAIL,산책로·둘레길,,제주시 구좌읍,33.50136,126.79464,제주특별자치도 제주시 구좌읍 한동리 산 35-2,https://api.cdn.visitjeju.net/photomng/imgpath/201907/29/1184805a-d761-4d03-a9d1-5e96684d3342.webp,제주도를 한눈에 내려다볼 수 있는 둔지봉,제주도를 한눈에 내려다볼 수 있는 둔지봉,VJ+TOUR,주소를 좌표로 다시 구함,https://map.kakao.com/?q=둔지봉
2385,디아넥스 파크골프,,WEST,EXPERIENCE,체험 활동 관광지,,서귀포시 안덕면,33.305763,126.38885,제주특별자치도 서귀포시 안덕면 산록남로 762번길 71,https://api.cdn.visitjeju.net/photomng/imgpath/201804/30/55d71cbb-3e6d-47d9-862a-b5ea68aa442c.webp,"제주도 푸른 잔디 위에서 펼쳐지는 이색 Outdoor Activity 미니 그라운드 골프 ""골프탕탕""","제주도 푸른 잔디 위에서 펼쳐지는 이색 Outdoor Activity 미니 그라운드 골프 ""골프탕탕""",VJ,관광지인지 확인(도서관·교회·골프 등),https://map.kakao.com/?q=디아넥스 파크골프
2395,라온CC골프연습장,,WEST,EXPERIENCE,체험 활동 관광지,,제주시 한경면,33.3448687,126.2782452,제주특별자치도 제주시 한경면 용금로 998,https://api.cdn.visitjeju.net/photomng/imgpath/202112/10/f0c45fe9-e63a-4afe-9be0-12875831aec6.webp,타이거우즈가 격찬하고 콜린 몽고메리가 설계한 제주서부의 명품 골프클럽,타이거우즈가 격찬하고 콜린 몽고메리가 설계한 제주서부의 명품 골프클럽,VJ,관광지인지 확인(도서관·교회·골프 등),https://map.kakao.com/?q=라온CC골프연습장
2396,라온골프클럽,,WEST,LEISURE,레저·스포츠 관련 시설,,제주시 한경면,33.3394666,126.2742873,제주특별자치도 제주시 한경면 용금로 998,https://tong.visitkorea.or.kr/cms/resource/90/1950490_image2_1.jpg,"라온골프클럽은 제주에서 환상적인 라운딩을 꿈꾸는 골퍼들에게 유일한 핸디캡인 제주 눈, 안개, 바람의 영향이 가장 적은 곳이다.","라온골프클럽은 제주에서 환상적인 라운딩을 꿈꾸는 골퍼들에게 유일한 핸디캡인 제주 눈, 안개, 바람의 영향이 가장 적은 곳이다. 세계적인 극상림 지대의 천연 난대림 속에 위치해 코스 설계에서부터 시공에 이르기까지 원시 자연 그대로 보전하였다. 스톤, 레이크, 파인 세 코스는 돌, 호수, 소나무에 의해 저마다 독특하고 개성 있는 풍광을 자랑한다. 한라산과 사방 7개의 오름, 그리고 제주의 푸른 바다가 절묘한 조화를 이룬 환상적인 코스이다.",TOUR,관광지인지 확인(도서관·교회·골프 등),https://map.kakao.com/?q=라온골프클럽
2399,라이크더윈드 스튜디오,,EAST,EXPERIENCE,체험 활동 관광지,,제주시 구좌읍,33.5232671,126.8570277,제주특별자치도 제주시 구좌읍 구좌로 51,https://api.cdn.visitjeju.net/photomng/imgpath/202306/18/53688fb2-d132-4820-a87b-a6bd9388a85f.webp,유니크하고 예쁜 스테인드글라스 체험,유니크하고 예쁜 스테인드글라스 체험,VJ,관광지인지 확인(도서관·교회·골프 등),https://map.kakao.com/?q=라이크더윈드 스튜디오
2415,레노마 골프 제주점,,NORTH,COMMERCIAL,상업지구,,제주시 일도1동,33.5140487,126.5255529,제주특별자치도 제주시 관덕로11길 12 (일도일동),https://tong.visitkorea.or.kr/cms/resource/06/4020406_image2_1.jpg,레노마는 프랑스의 자유로운 감성과 예술적인 감각을 바탕으로 한 글로벌 토털 패션 브랜드입니다.,"레노마는 프랑스의 자유로운 감성과 예술적인 감각을 바탕으로 한 글로벌 토털 패션 브랜드입니다. 세련된 디자인의 의류부터 언더웨어, 수영복까지 폭넓은 카테고리에서 모던하고 품격 있는 라이프스타일을 선보입니다.",TOUR,관광지인지 확인(도서관·교회·골프 등),https://map.kakao.com/?q=레노마 골프 제주점
2456,말 테마파크 골프장 (렛츠런파크 제주),,WEST,LEISURE,레저·스포츠 관련 시설,,제주시 애월읍,33.407571,126.395091,제주특별자치도 제주시 애월읍 평화로 2144 (애월읍),https://tong.visitkorea.or.kr/cms/resource/79/4072979_image2_1.jpg,제주경마공원에서 제주 테마파크 조성 사업의 일환으로 도내 대규모의 파크골프장을 개장하게 되었다.,"제주경마공원에서 제주 테마파크 조성 사업의 일환으로 도내 대규모의 파크골프장을 개장하게 되었다. 파크골프는 골프와 게이트볼을 융합한 생활 스포츠로서 어린아이부터 노인에 이르기까지 남녀노소 누구나 함께 즐길 수 있는 가족형 레저 스포츠이다. 제주의 독특한 자연환경, 신앙을 바탕으로 한 오름, 한라산 기암절벽 등을 형상화하고 다양한 야생화로 구성된 학습장이다.",TOUR,관광지인지 확인(도서관·교회·골프 등),https://map.kakao.com/?q=말 테마파크 골프장 (렛츠런파크 제주)
2457,말본골프 서귀포점,,SOUTH,COMMERCIAL,상업지구,,서귀포시 동홍동,33.2542637,126.5683562,제주특별자치도 서귀포시 일주동로 8609,https://api.cdn.visitjeju.net/photomng/imgpath/202604/20/faadd1b7-814a-44cf-b698-77f1f923be16.webp,말본 골프웨어 상설 할인매장,말본 골프웨어 상설 할인매장,VJ,관광지인지 확인(도서관·교회·골프 등),https://map.kakao.com/?q=말본골프 서귀포점
2458,말본골프 포트메인 제주직영점,,NORTH,COMMERCIAL,상업지구,,제주시 오라동,33.4814943,126.5102283,제주특별자치도 제주시 연북로 269 (오라이동) 1층,https://tong.visitkorea.or.kr/cms/resource/68/4042268_image2_1.png,말본골프는 골프와 스트릿 문화를 결합하여 골프웨어 시장에 새로운 바람을 일으킨 미국의 라이프스타일 브랜드입니다.,말본골프는 골프와 스트릿 문화를 결합하여 골프웨어 시장에 새로운 바람을 일으킨 미국의 라이프스타일 브랜드입니다. 위트 넘치는 캐릭터 로고와 자유분방한 디자인을 통해 젊고 감각적인 골퍼들의 독보적인 지지를 얻고 있습니다.,TOUR,관광지인지 확인(도서관·교회·골프 등),https://map.kakao.com/?q=말본골프 포트메인 제주직영점
2568,법환해녀체험센터,,SOUTH,EXPERIENCE,체험 활동 관광지,,서귀포시 대륜동,33.2341727,126.5135735,제주특별자치도 서귀포시 최영로 10,https://api.cdn.visitjeju.net/photomng/imgpath/202408/26/1af82ca0-6e16-4735-b7c1-bd58ae27c39d.webp,국내 최남단 해안촌에서 해녀체험 즐기세요 ‘법환해녀체험센터’,국내 최남단 해안촌에서 해녀체험 즐기세요 ‘법환해녀체험센터’,VJ,관광지인지 확인(도서관·교회·골프 등),https://map.kakao.com/?q=법환해녀체험센터
2636,뿔소라공원,,WEST,NATURE,자연관광지,,서귀포시 대정읍,33.2736876,126.1719632,제주특별자치도 서귀포시 대정읍 신도리 3125-5,https://api.cdn.visitjeju.net/photomng/imgpath/202407/23/86c7188e-d4d6-4163-99e7-da8889888fab.webp,낮에는 ‘돌고래’를 저녁에는 ‘일물’...,낮에는 ‘돌고래’를 저녁에는 ‘일물’... 뿔소라공원,VJ+TOUR,주소를 좌표로 다시 구함,https://map.kakao.com/?q=뿔소라공원
2666,삼사석,,NORTH,CULTURE,문화시설,,제주시 화북동,33.521027,126.5741,제주특별자치도 제주시 화북일동 5749-85,https://api.cdn.visitjeju.net/photomng/imgpath/201804/30/1ecfaff8-353d-4a0d-a3ee-8024c7086987.webp,제주 삼신인(고.양.부)이 쏘았던 화살이 꽂혔던 돌멩이를 보관한 곳,제주 삼신인(고.양.부)이 쏘았던 화살이 꽂혔던 돌멩이를 보관한 곳,VJ,주소를 좌표로 다시 구함,https://map.kakao.com/?q=삼사석
2687,샤이니숲길,,EAST,TRAIL,산책로·둘레길,,제주시 조천읍,33.4272161,126.6618459,제주특별자치도 제주시 조천읍 교래리 719-10,https://api.cdn.visitjeju.net/photomng/imgpath/202407/23/4eb8d5b6-db0f-41c5-a11d-2210ddeff79c.webp,나무 사이로 들어오는 빛이 아름다운 ‘샤이니숲길’,나무 사이로 들어오는 빛이 아름다운 ‘샤이니숲길’,VJ+TOUR,주소를 좌표로 다시 구함,https://map.kakao.com/?q=샤이니숲길
2692,서광동리 곶자왈 생태탐방로,,WEST,TRAIL,산책로·둘레길,,서귀포시 안덕면,33.2860495,126.3382707,제주특별자치도 서귀포시 안덕면 서광리 2510,https://api.cdn.visitjeju.net/photomng/imgpath/202112/23/7a5bda9e-8206-4072-abf6-491661ffec65.webp,서귀포 안덕면 서광리에 위치한 곶자왈 생태탐방로,서귀포 안덕면 서광리에 위치한 곶자왈 생태탐방로,VJ,주소를 좌표로 다시 구함,https://map.kakao.com/?q=서광동리 곶자왈 생태탐방로
2752,세미오름(삼의양오름),,NORTH,NATURE,자연관광지,,제주시 아라동,33.43975,126.56141,제주특별자치도 제주시 아라일동 산 24-2,https://api.cdn.visitjeju.net/photomng/imgpath/201804/30/e6e06cbf-8094-45e5-93da-76469fe67d0f.webp,"뒤로는 한라산, 앞으로는 제주시내를 품고 있는 삼의양오름","뒤로는 한라산, 앞으로는 제주시내를 품고 있는 삼의양오름",VJ,주소를 좌표로 다시 구함,https://map.kakao.com/?q=세미오름(삼의양오름)
2760,세화워케이션 질그랭이 거점센터,,EAST,EXPERIENCE,체험 활동 관광지,,제주시 구좌읍,33.5271846,126.8564043,제주특별자치도 제주시 구좌읍 해맞이해안로 1392 2층 숨비빌레파크 오피스,https://api.cdn.visitjeju.net/photomng/imgpath/202011/03/8566cf4a-bc03-4fb4-a5ad-334802f188e5.webp,구좌읍 세화리 마을주민 477명이 모여 만든 세화마을협동조합이 멋진 풍광의 세화리 바닷가에 질그랭이센터를 오픈했다.,"구좌읍 세화리 마을주민 477명이 모여 만든 세화마을협동조합이 멋진 풍광의 세화리 바닷가에 질그랭이센터를 오픈했다. 지상 4층 규모로 건축된 질그랭이센터는 1층은 세화리사무소가 업무를 보는 공간과 여행자센터가 있고, 2층에는 카페와 지구별가게, 3층은 공유오피공간과 세미나실이 있어 대관하고 있으며 4층은 세화밖거리(숙박시설)를 갖추고 있다.",VJ,관광지인지 확인(도서관·교회·골프 등),https://map.kakao.com/?q=세화워케이션 질그랭이 거점센터
2780,송당곶자왈,,EAST,NATURE,자연관광지,,제주시 구좌읍,33.4908846,126.793777,제주특별자치도 제주시 구좌읍 한동리 산 65,https://api.cdn.visitjeju.net/photomng/imgpath/202407/25/6cb839ef-cb09-40f8-8438-cf24e5b4a67f.webp,제주의 허파이자 보물.,제주의 허파이자 보물. 송당곶자왈에서 힐링하세요,VJ,주소를 좌표로 다시 구함,https://map.kakao.com/?q=송당곶자왈
2800,순례자의 교회,,WEST,HISTORY,역사·유적·종교 시설,,제주시 한경면,33.319828,126.18061,제주특별자치도 제주시 한경면 일주서로 3960-24,https://api.cdn.visitjeju.net/photomng/imgpath/202111/26/0a879436-8aa4-4237-920a-107ea9f79f16.webp,한경에 위치한 아주 작은 교회,한경에 위치한 아주 작은 교회,VJ+TOUR,관광지인지 확인(도서관·교회·골프 등),https://map.kakao.com/?q=순례자의 교회
2801,순례자의교회 길위에서묻다,,WEST,CULTURE,문화시설,,제주시 애월읍,33.446327,126.30273,제주특별자치도 제주시 애월읍 금성하안길 3,https://api.cdn.visitjeju.net/photomng/imgpath/201804/30/358e1d06-12fb-4334-acfc-2a6490e4c4da.webp,"내 영혼의 길, 순례자의 길을 가다.","내 영혼의 길, 순례자의 길을 가다.",VJ,관광지인지 확인(도서관·교회·골프 등),https://map.kakao.com/?q=순례자의교회 길위에서묻다
2818,스튜디오모비,,WEST,NATURE,자연관광지,,제주시 애월읍,33.4521446,126.3892699,제주특별자치도 제주시 애월읍 장전로 109-17,https://api.cdn.visitjeju.net/photomng/imgpath/202307/26/a871d3c3-5954-4130-8d2e-1737308f0e9d.webp,카메라 렌즈를 통해 제주 들여다 보기,카메라 렌즈를 통해 제주 들여다 보기,VJ,관광지인지 확인(도서관·교회·골프 등),https://map.kakao.com/?q=스튜디오모비
2819,스트라이크볼링센터,,NORTH,EXPERIENCE,체험 활동 관광지,,제주시 이도2동,33.4922677,126.5376385,제주특별자치도 제주시 남광로 10,https://api.cdn.visitjeju.net/photomng/imgpath/202507/04/5828ebb3-7dc4-4ef2-8222-36f0a9878979.webp,도내 최대규모인 24개의 레인을 갖춘 제주시내 볼링장,도내 최대규모인 24개의 레인을 갖춘 제주시내 볼링장,VJ,관광지인지 확인(도서관·교회·골프 등),https://map.kakao.com/?q=스트라이크볼링센터
2853,심헌갤러리,,NORTH,CULTURE,문화시설,,제주시 아라동,33.4261379,126.5626925,제주특별자치도 제주시 아란14길 3,https://api.cdn.visitjeju.net/photomng/imgpath/201812/26/aba0d6c2-4499-4d4e-bdfd-e2e72f0a3e8d.webp,다양한 장르의 전시를 즐길 수 있는 문화공간,다양한 장르의 전시를 즐길 수 있는 문화공간,VJ,관광지인지 확인(도서관·교회·골프 등),https://map.kakao.com/?q=심헌갤러리
2930,어리목탐방안내소,,NORTH,CULTURE,문화시설,,제주시 연동,33.392979,126.495379,제주특별자치도 제주시 1100로 2070-61 (해안동),https://tong.visitkorea.or.kr/cms/resource/94/4073694_image2_1.jpg,"한라산 어리목탐방안내소는 한라산 어리목 탐방로 주차장, 어승생악 입구 옆에 있다.","한라산 어리목탐방안내소는 한라산 어리목 탐방로 주차장, 어승생악 입구 옆에 있다. 한라산 탐방 정보와 한라산의 탄생, 역사, 지질, 전설, 생태 등 이해를 돕기 위한 전시공간으로 이루어져 있다. 1~3전시실과 함께 어린이 체험학습장, 영상실, 포토존 등이 있다. 영상실에서는 한라산 및 제주 세계자연유산 홍보영상을 관람할 수 있고 탐방로 입구, 한라산 탐방로, 어리목 등에 설치된 실시간 CCTV 장면도 확인할 수 있다. 한라산 탐방로 가이드와 산행 안전 수칙, 한라산 보호 활동 등 등반과 환경 활동에 필요한 정보를 얻을 수 있어 산행 전 둘러보기 좋다.",TOUR,관광지인지 확인(도서관·교회·골프 등),https://map.kakao.com/?q=어리목탐방안내소
2939,엄바위장승,,NORTH,CULTURE,문화시설,,제주시 추자면,33.952473,126.32899,제주특별자치도 제주시 추자면 예초리 산 52,https://api.cdn.visitjeju.net/photomng/imgpath/201804/30/dafdc92b-33c1-4ed1-9586-c322ce43b960.webp,억발장사라고도 불리는 장승으로 주민들이 소원을 비는 장승,억발장사라고도 불리는 장승으로 주민들이 소원을 비는 장승,VJ,주소를 좌표로 다시 구함,https://map.kakao.com/?q=엄바위장승
2976,영천악,,SOUTH,NATURE,자연관광지,,서귀포시 영천동,33.2847841,126.6047794,제주특별자치도 서귀포시 상효동 2318,https://api.cdn.visitjeju.net/photomng/imgpath/201804/30/282ace17-1408-44dc-9c49-dd2a8d4302d3.webp,마음의 여유를 찾는 영천악,마음의 여유를 찾는 영천악,VJ,주소를 좌표로 다시 구함,https://map.kakao.com/?q=영천악
3082,월정투명카약,,EAST,LEISURE,레저·스포츠 관련 시설,,제주시 구좌읍,33.563833,126.7787263,제주특별자치도 제주시 구좌읍 월정리 1400-33,https://api.cdn.visitjeju.net/photomng/imgpath/202407/23/cb7baccf-9f8e-43dc-b0e0-d9c5dbb3f2fb.webp,바닷속을 직접 배안에서 볼 수 있는 카약체험,바닷속을 직접 배안에서 볼 수 있는 카약체험,VJ+TOUR,주소를 좌표로 다시 구함,https://map.kakao.com/?q=월정투명카약
3100,유리멘탈스튜디오,,WEST,EXPERIENCE,체험 활동 관광지,,제주시 한경면,33.3412645,126.2286517,제주특별자치도 제주시 한경면 낙수로12길,https://api.cdn.visitjeju.net/photomng/imgpath/201809/11/44211b70-3832-416d-9566-a89b90855573.webp,스테인드글라스로 캔들 홀더와 모빌 소품을 만드는 원데이클래스를 운영하는 곳,스테인드글라스로 캔들 홀더와 모빌 소품을 만드는 원데이클래스를 운영하는 곳,VJ,관광지인지 확인(도서관·교회·골프 등),https://map.kakao.com/?q=유리멘탈스튜디오
3108,유캔들잇 스튜디오,,NORTH,EXPERIENCE,체험 활동 관광지,,제주시 연동,33.4893062,126.4863269,제주특별자치도 제주시 제원1길 29,https://api.cdn.visitjeju.net/photomng/imgpath/202308/23/e7c66d01-f61d-4de7-b68a-ead3e2aa5552.webp,"유캔들잇 스튜디오는 캔들 공방으로, 원데이클래스를 통해 다양한 캔들을 경험할 수 있다.","유캔들잇 스튜디오는 캔들 공방으로, 원데이클래스를 통해 다양한 캔들을 경험할 수 있다.",VJ,관광지인지 확인(도서관·교회·골프 등),https://map.kakao.com/?q=유캔들잇 스튜디오
3110,유타골프 제주점,,NORTH,COMMERCIAL,상업지구,,제주시 연동,33.4815487,126.4893992,제주특별자치도 제주시 연북로 76 (연동),https://tong.visitkorea.or.kr/cms/resource/79/4024479_image2_1.jpeg,유타골프(UTAA)는 파격적인 디자인과 예술적인 감성으로 골프웨어의 고정관념을 깨는 프리미엄 골프 브랜드입니다.,유타골프(UTAA)는 파격적인 디자인과 예술적인 감성으로 골프웨어의 고정관념을 깨는 프리미엄 골프 브랜드입니다. 화려한 그래픽과 입체적인 실루엣의 의류를 통해 필드 위에서 독보적인 존재감을 드러내고자 하는 골퍼들에게 사랑받습니다.,TOUR,관광지인지 확인(도서관·교회·골프 등),https://map.kakao.com/?q=유타골프 제주점
3113,율랜드 다이브센터,,SOUTH,EXPERIENCE,체험 활동 관광지,,서귀포시 송산동,33.2415286,126.6031469,제주특별자치도 서귀포시 칠십리로 490,https://api.cdn.visitjeju.net/photomng/imgpath/202104/20/3f0ce3b6-48de-49b9-b368-17855d42449a.webp,"서귀포 스쿠버다이빙 체험,투어 및 교육 전문업체","서귀포 스쿠버다이빙 체험,투어 및 교육 전문업체",VJ,관광지인지 확인(도서관·교회·골프 등),https://map.kakao.com/?q=율랜드 다이브센터
3117,이도씨동물의료센터,,SOUTH,EXPERIENCE,체험 활동 관광지,,서귀포시 대천동,33.2539899,126.5070093,제주특별자치도 서귀포시 신서귀로97번길 51,https://api.cdn.visitjeju.net/photomng/imgpath/202308/29/aa776aa4-53ab-4a23-98d1-8e7e293483c8.webp,이도씨동물의료센터는 서귀포시에 위치한 병원이다.,이도씨동물의료센터는 서귀포시에 위치한 병원이다.,VJ,관광지인지 확인(도서관·교회·골프 등),https://map.kakao.com/?q=이도씨동물의료센터
3133,일레븐프리다이빙 제주센터,,SOUTH,EXPERIENCE,체험 활동 관광지,,서귀포시 예래동,33.259137,126.4049584,제주특별자치도 서귀포시 색달로 8,https://api.cdn.visitjeju.net/photomng/imgpath/202306/19/142d42c8-9914-4158-ae7c-824cf8d2dab7.webp,바다를 유영하는 색다른 다이빙 체험,바다를 유영하는 색다른 다이빙 체험,VJ,관광지인지 확인(도서관·교회·골프 등),https://map.kakao.com/?q=일레븐프리다이빙 제주센터
3135,일출랜드 아트센터,,EAST,EXPERIENCE,체험 활동 관광지,,서귀포시 성산읍,33.3833933,126.84245,제주특별자치도 서귀포시 성산읍 중산간동로 4150-30,https://api.cdn.visitjeju.net/photomng/imgpath/202002/24/0a302cd6-2523-4934-96ce-d7ac536b6f5a.webp,일출랜드 아트센터는 쪽 염색을 체험하는 전문 공간이다.,일출랜드 아트센터는 쪽 염색을 체험하는 전문 공간이다. 이곳의 쪽 염색이 특별한 이유는 쪽풀을 직접 재배하기 때문이다. 쪽은 3~4월에 씨를 뿌려 키운 후 7~8월에 수확하는데 60~70cm 정도 자란 풀을 수작업으로 발효시켜 염료로 만든다. 쪽은 빛깔도 아름답지만 살균과 항균력이 높아 예부터 귀한 옷과 문서를 염색하는데 많이 쓰였다고 한다. 천연 염색은 수고로움을 동반하지만 정성이 더해질수록 더욱 진하고 깊은 색을 얻을 수 있다.,VJ,관광지인지 확인(도서관·교회·골프 등),https://map.kakao.com/?q=일출랜드 아트센터
3140,입산봉(삿갓오름),,EAST,NATURE,자연관광지,,제주시 구좌읍,33.54863,126.756676,제주특별자치도 제주시 구좌읍 김녕리 1033-1,https://api.cdn.visitjeju.net/photomng/imgpath/201804/30/bd1d1ddc-de1a-4580-b483-79fcaef25049.webp,망자들의 안식처 입산봉,망자들의 안식처 입산봉,VJ,주소를 좌표로 다시 구함,https://map.kakao.com/?q=입산봉(삿갓오름)
3179,제주 꿈바당어린이도서관,,NORTH,CULTURE,문화시설,,제주시 연동,33.480735,126.5002152,제주특별자치도 제주시 연오로 140,https://api.cdn.visitjeju.net/photomng/imgpath/202002/20/a7b89ea8-1d50-44eb-8322-6130fccf62e0.webp,꿈바당 어린이 도서관은 원래 대통령이 제주도를 방문할 때 묵어가던 지방 공간이었다.,"꿈바당 어린이 도서관은 원래 대통령이 제주도를 방문할 때 묵어가던 지방 공간이었다. 1984년 건립된 이후 전두환과 노태우, 김영삼 전 대통령이 총 11회에 걸쳐 이용했으며 1996년 경호시설에서 해제되면서 한때 제주도지사 관사로 사용되기도 했다. 2014년 도민 품으로 돌아온 건물은 여러 논의 끝에 2017년 꿈바당 어린이 도서관으로 새롭게 탈바꿈했다.",VJ,관광지인지 확인(도서관·교회·골프 등),https://map.kakao.com/?q=제주 꿈바당어린이도서관
3184,제주 바다하늘다이브센터,,NORTH,EXPERIENCE,체험 활동 관광지,,제주시 외도동,33.4942873,126.4436208,제주특별자치도 제주시 내도9길 8-2,https://api.cdn.visitjeju.net/photomng/imgpath/202604/30/46a5db41-b03e-41d6-be8c-f7966ad9ce45.webp,"제주 바다와 하늘을 배경으로, PADI 5스타 여성코스디렉트 및 최고의 강사진과 함께 스킨스쿠버를 체험할 수 있는 다이브 센터(제주공항 10분…","제주 바다와 하늘을 배경으로, PADI 5스타 여성코스디렉트 및 최고의 강사진과 함께 스킨스쿠버를 체험할 수 있는 다이브 센터(제주공항 10분거리 위치 )",VJ,관광지인지 확인(도서관·교회·골프 등),https://map.kakao.com/?q=제주 바다하늘다이브센터
3216,제주도서핑 라인업서프 하도,,EAST,EXPERIENCE,체험 활동 관광지,,제주시 구좌읍,33.5108067,126.8921626,제주특별자치도 제주시 구좌읍 하도13길 55,https://api.cdn.visitjeju.net/photomng/imgpath/202306/18/2d7856f8-595f-4593-b17f-1482f60a8bb6.webp,동쪽끝 하도리 바다를 즐기는 서핑체험,동쪽끝 하도리 바다를 즐기는 서핑체험,VJ,주소를 좌표로 다시 구함,https://map.kakao.com/?q=제주도서핑 라인업서프 하도
3269,제주시 새활용센터,,NORTH,EXPERIENCE,체험 활동 관광지,,제주시 아라동,33.4565721,126.5435187,제주특별자치도 제주시 고다시길 39 (오등동) 제주시 새활용센터,https://api.cdn.visitjeju.net/photomng/imgpath/202601/16/00ffd705-3915-443c-9aaa-0a4a30627a48.webp,순환경제사회를 선도하는 제주시 산하 기관,순환경제사회를 선도하는 제주시 산하 기관,VJ,관광지인지 확인(도서관·교회·골프 등),https://map.kakao.com/?q=제주시 새활용센터
3275,제주아트센터,,NORTH,CULTURE,문화시설,,제주시 오라동,33.4751552,126.5155061,제주특별자치도 제주시 오남로 231,https://api.cdn.visitjeju.net/photomng/imgpath/202002/14/657329b6-2794-4412-8275-041abc86a3c3.webp,2010년 5월에 개관된 제주아트센터는 제주도 최대규모의 객석과 다양한 장르의 공연도 완벽히 지원할 수 있는 장비를 고루 갖춘 전문 공연장이다.,2010년 5월에 개관된 제주아트센터는 제주도 최대규모의 객석과 다양한 장르의 공연도 완벽히 지원할 수 있는 장비를 고루 갖춘 전문 공연장이다.,VJ+TOUR,관광지인지 확인(도서관·교회·골프 등),https://map.kakao.com/?q=제주아트센터
3310,제주웰컴센터,,NORTH,CULTURE,문화시설,,제주시 연동,33.4857565,126.4991895,제주특별자치도 제주시 선덕로 23 (연동),https://tong.visitkorea.or.kr/cms/resource/08/3066908_image2_1.jpg,"제주관광공사에서 운영하는 제주웰컴센터는 제주특별자치도, 제주관광공사, 제주특별자치도관광협회, 제주컨벤션뷰 등으로 이원화되어 있던 관광 운영체계…","제주관광공사에서 운영하는 제주웰컴센터는 제주특별자치도, 제주관광공사, 제주특별자치도관광협회, 제주컨벤션뷰 등으로 이원화되어 있던 관광 운영체계를 단일화한 안내소이다. 종합관광안내, 환전소, 관광기념품 전시장 등 관광객 편의시설을 갖추고 있으며 사진 스튜디오, 영상 스튜디오, 통계 자료실, 비즈니스 라운지, 회의실, 교육시설, 세미나 및 강연을 위한 다목적 홀(240석)이 있다.",TOUR,관광지인지 확인(도서관·교회·골프 등),https://map.kakao.com/?q=제주웰컴센터
3373,족은바리메,,WEST,NATURE,자연관광지,,제주시 애월읍,33.4435579,126.3533489,제주특별자치도 제주시 애월읍 상가리 967,https://api.cdn.visitjeju.net/photomng/imgpath/201804/30/11b618db-0fbe-4f1c-a102-adc1003ce60c.webp,능선 탐방로가 좋은 족은바리메 오름,능선 탐방로가 좋은 족은바리메 오름,VJ,주소를 좌표로 다시 구함,https://map.kakao.com/?q=족은바리메
3387,중문농수산물직판장,,SOUTH,COMMERCIAL,상업지구,,서귀포시 중문동,33.2524285,126.4423846,제주특별자치도 서귀포시 천제연로 355 (회수동),https://tong.visitkorea.or.kr/cms/resource/70/3403270_image2_1.jpg,중문농수산물직판장은 생산자가 직접 재배하고 유통해 더 믿을 수 있는 곳으로 청정 제주의 신선한 상품을 판매하고 있다.,"중문농수산물직판장은 생산자가 직접 재배하고 유통해 더 믿을 수 있는 곳으로 청정 제주의 신선한 상품을 판매하고 있다. 옥돔, 갈치, 고등어, 한라봉 등을 판매하고 있다. 시즌마다 맛있는 귤을 선보이며 제주 앞 바다에서 나는 가장 신선하고 맛있는 수산물을 선보이고 있는 직거래 장터이다.",TOUR,관광지인지 확인(도서관·교회·골프 등),https://map.kakao.com/?q=중문농수산물직판장
3431,청수성결교회,,WEST,CULTURE,문화시설,,제주시 한경면,33.3251954,126.2558439,제주특별자치도 제주시 한경면 대한로 1067,https://api.cdn.visitjeju.net/photomng/imgpath/201812/21/e2627d53-0921-44f1-8a21-412e79dfe3f9.webp,청수리마을 저청삼거리에 있는 마을 교회,청수리마을 저청삼거리에 있는 마을 교회,VJ,관광지인지 확인(도서관·교회·골프 등),https://map.kakao.com/?q=청수성결교회
3478,탐라원특산품센터,,NORTH,COMMERCIAL,상업지구,,제주시 이도2동,33.481636,126.5228482,제주특별자치도 제주시 연북로 381 (도남동),https://tong.visitkorea.or.kr/cms/resource/76/4020376_image2_1.jpg,탐라원특산품센터는 제주의 청정 자연을 담은 고품질의 지역 특산물을 엄선하여 선보이는 전문 유통 브랜드입니다.,탐라원특산품센터는 제주의 청정 자연을 담은 고품질의 지역 특산물을 엄선하여 선보이는 전문 유통 브랜드입니다. 믿을 수 있는 먹거리와 제주만의 감성을 담은 기념품을 통해 여행의 감동을 전합니다.,TOUR,관광지인지 확인(도서관·교회·골프 등),https://map.kakao.com/?q=탐라원특산품센터
3491,토산봉(망오름),,EAST,NATURE,자연관광지,,서귀포시 표선면,33.322395,126.77359,제주특별자치도 서귀포시 표선면 토산리 산 13,https://api.cdn.visitjeju.net/photomng/imgpath/201804/30/2bc1a3db-372b-4d69-9ebc-9c22358c46a3.webp,토산리를 지켜주는 수호자,토산리를 지켜주는 수호자,VJ,주소를 좌표로 다시 구함,https://map.kakao.com/?q=토산봉(망오름)
3512,팬텀골프 신제주점,,NORTH,COMMERCIAL,상업지구,,제주시 연동,33.4889788,126.490623,제주특별자치도 제주시 신대로12길 56 (연동),https://tong.visitkorea.or.kr/cms/resource/42/4020342_image2_1.jpg,팬텀골프는 패셔너블한 감각과 고기능성 기술이 결합된 하이퍼포먼스 골프웨어 브랜드입니다.,팬텀골프는 패셔너블한 감각과 고기능성 기술이 결합된 하이퍼포먼스 골프웨어 브랜드입니다. 필드 위 역동적인 움직임을 완벽하게 지원하는 디자인과 세련된 감성을 통해 골퍼들의 자신감을 한 차원 높여줍니다.,TOUR,관광지인지 확인(도서관·교회·골프 등),https://map.kakao.com/?q=팬텀골프 신제주점
3525,포브독 반려견 교육센터,,NORTH,EXPERIENCE,체험 활동 관광지,,제주시 연동,33.4815331,126.4892489,제주특별자치도 제주시 연북로 74,https://api.cdn.visitjeju.net/photomng/imgpath/202212/15/94ac39bb-e20a-41a2-894a-59aa549bf830.webp,"포브독은 긍정 강화(KPA), BAP(Behavi or Adjustment Training), Fear free 교육 기반으로 보호자와 반려견…","포브독은 긍정 강화(KPA), BAP(Behavi or Adjustment Training), Fear free 교육 기반으로 보호자와 반려견의 올바른 관계 형성을 돕는 반려견 교육센터다.",VJ,관광지인지 확인(도서관·교회·골프 등),https://map.kakao.com/?q=포브독 반려견 교육센터
3549,핑골프스포츠,,NORTH,COMMERCIAL,상업지구,,제주시 연동,33.4855918,126.4896139,제주특별자치도 제주시 신광로 72 (연동),https://tong.visitkorea.or.kr/cms/resource/48/4017448_image2_1.jpeg,핑골프스포츠는 혁신적인 기술력과 정교한 설계로 전 세계 골퍼들의 두터운 신뢰를 받는 골프 전문 브랜드입니다.,핑골프스포츠는 혁신적인 기술력과 정교한 설계로 전 세계 골퍼들의 두터운 신뢰를 받는 골프 전문 브랜드입니다. 최상의 비거리를 보장하는 클럽부터 활동적인 골프웨어까지 골퍼의 퍼포먼스를 완성하는 모든 솔루션을 제공합니다.,TOUR,관광지인지 확인(도서관·교회·골프 등),https://map.kakao.com/?q=핑골프스포츠
3550,하논마르,,SOUTH,NATURE,자연관광지,,서귀포시 서홍동,33.252937,126.54583,제주특별자치도 서귀포시 서홍동 1003,https://api.cdn.visitjeju.net/photomng/imgpath/201804/30/a0267b29-2e51-4560-9acd-d55f482c6ea2.webp,한반도 유일의 마르(Maar)형 분화구,한반도 유일의 마르(Maar)형 분화구,VJ,주소를 좌표로 다시 구함,https://map.kakao.com/?q=하논마르
3560,하모체육공원,,WEST,NATURE,자연관광지,,서귀포시 대정읍,33.218625,126.252426,제주특별자치도 서귀포시 대정읍 하모리 2139-3,https://tong.visitkorea.or.kr/cms/resource/26/3031526_image2_1.jpg,"서귀포시 대정읍에 위치한 하모체육공원은 2008년에 준공되었고 인라인스케이트장, 야외 운동기구 시설, 농구장, 테니스장, 육상 트랙, 지압보도…","서귀포시 대정읍에 위치한 하모체육공원은 2008년에 준공되었고 인라인스케이트장, 야외 운동기구 시설, 농구장, 테니스장, 육상 트랙, 지압보도가 있어 여러 운동을 한 곳에서 즐길 수 있을 뿐만 아니라 뜨거운 햇살을 피해 쉴 수 있는 나무 그늘과 아이들이 뛰어놀 수 있는 놀이터도 함께 갖추고 있다. 이곳은 야간조명이 설치되어 있어 야외무대도 이용 가능하여 서귀포관악단 읍면 순회 음악회, 공동체 놀이 및 이벤트, 체험 등을 개최하는 장소로 이용되고 있다. 하모체육공원은 제주 올레 10코스와 올레 11코스의 분기점이기 때문에 체육공원 좌측의 사거리에는 제11코스 출발지임을 알리는 올레길 안내 표지석이 있고 그 좌측 옆으로 제주올레 안내소와 기념스탬프함이 있다.",TOUR,관광지인지 확인(도서관·교회·골프 등),https://map.kakao.com/?q=하모체육공원
3571,한국마사회 제주목장,,EAST,EXPERIENCE,체험 활동 관광지,,제주시 조천읍,33.41699,126.681465,제주특별자치도 제주시 조천읍 남조로 1660,https://api.cdn.visitjeju.net/photomng/imgpath/202608/14/f1806828-eaa6-41c9-8fff-3b85c55cc086.jpg,"말과 푸른 초지, 오름이 어우러진 제주 대표 말 테마 목장","말과 푸른 초지, 오름이 어우러진 제주 대표 말 테마 목장",VJ,주소를 좌표로 다시 구함,https://map.kakao.com/?q=한국마사회 제주목장
3586,한라산문화관광 천백고지휴게소,,SOUTH,CULTURE,문화시설,,서귀포시 예래동,33.339912,126.43682,제주특별자치도 서귀포시 1100로 1555,https://api.cdn.visitjeju.net/photomng/imgpath/202111/15/2bb7145b-d0f8-406d-9a4f-258e6f60c37d.webp,겨울이면 더욱 아름다운 한라산 대표적인 뷰포인트,겨울이면 더욱 아름다운 한라산 대표적인 뷰포인트,VJ,관광지인지 확인(도서관·교회·골프 등),https://map.kakao.com/?q=한라산문화관광 천백고지휴게소
3615,햇살나무바다아래 왓추 테라피센터,,SOUTH,NATURE,자연관광지,,서귀포시 남원읍,33.3330338,126.6180657,제주특별자치도 서귀포시 남원읍 하신로212번길 64,https://api.cdn.visitjeju.net/photomng/imgpath/202510/30/50011a59-d193-4444-86e1-f26c208f414a.webp,"제주의 자연 속, 따뜻한 물에서 몸과 마음을 치유하는 수중 테라피 센터","제주의 자연 속, 따뜻한 물에서 몸과 마음을 치유하는 수중 테라피 센터",VJ,관광지인지 확인(도서관·교회·골프 등),https://map.kakao.com/?q=햇살나무바다아래 왓추 테라피센터
